StrSect,employment
AB101,16000
AB106,2725
AB107,3975
AB115,16800
AB116,6200
AB117,900
AB118,1280
AB119,2175
AB123,19065
AB124,2735
AB125,5140
AB130,525
AB140,975
AB154,1775
AB155,695
AB156,5340
AB157,835
AB158,2375
AB159,1990
AB165,1450
AB166,1610
AB167,925
AB210,24935
AB217,1220
AB219,7170
AB228,3450
AB238,11850
AB241,1475
AB242,875
AB243,4200
AB244,660
AB245,4025
AB251,10475
AB252,19025
AB253,2025
AB301,2150
AB314,915
AB315,3320
AB316,625
AB326,11630
AB327,250
AB338,1685
AB344,125
AB345,1550
AB355,1175
AB368,150
AB379,550
AB387,1275
AB389,925
AB392,3700
AB393,2060
AB416,650
AB417,1100
AB418,1370
AB419,2855
AB420,625
AB421,6095
AB422,2930
AB423,2725
AB424,1300
AB425,1185
AB436,720
AB437,820
AB438,1025
AB439,7590
AB441,1200
AB451,2295
AB452,1325
AB453,875
AB510,8425
AB513,2745
AB514,2150
AB515,1835
AB516,150
AB517,675
AB518,375
AB526,1100
AB534,2650
AB535,525
AB536,275
AB538,560
AB544,1975
AB546,325
AB547,375
AB548,2425
AB554,550
AB555,1695
AB556,850
AB561,2310
AB564,1220
AB565,290
AL11,3000
AL12,1925
AL13,10900
AL14,1875
AL15,4875
AL21,3950
AL22,4350
AL23,1200
AL34,4050
AL35,2950
AL36,4000
AL37,1475
AL38,1175
AL40,5475
AL48,1825
AL49,1875
AL51,675
AL52,4850
AL53,1350
AL54,13925
AL55,1425
AL60,850
AL69,1525
AL71,24175
AL72,1675
AL73,5550
AL74,3000
AL86,7100
AL87,1420
AL95,7500
AL96,1200
AL97,5250
AL100,4775
AL108,2020
AL109,24665
B11,12000
B12,8900
B13,5500
B24,0
B25,0
B31,10000
B32,58000
B33,0
B46,15000
B47,13000
B54,12000
B55,0
B56,0
B57,2675
B64,13000
B65,5350
B66,1075
B67,5650
B74,2250
B75,9250
B81,2925
B82,2145
B83,1615
B94,10250
B95,10580
B100,3375
B109,4085
B111,2960
B112,10750
B113,2850
B114,1500
B120,7200
B128,1475
B129,1395
B130,1940
B138,3200
B139,2985
B144,1865
B145,1250
B146,1725
B147,2325
B151,4500
B152,29700
B153,7300
B160,915
B168,6700
B169,4950
B170,400
B178,2450
B179,3825
B184,350
B185,1400
B186,4500
B187,6800
B191,1375
B192,1700
B193,4250
B201,850
B202,2800
B203,2055
B210,2300
B218,1125
B219,1525
B235,1070
B236,4925
B237,3375
B240,3195
B248,3000
B249,11150
B258,3845
B261,1325
B262,520
B263,5850
B276,1795
B277,3040
B280,1705
B288,2325
B289,1675
B294,930
B295,950
B296,2425
B297,2625
B301,3275
B302,2925
B303,8175
B311,2140
B312,3600
B313,1960
B314,950
B315,2280
B321,3850
B322,1110
B323,4050
B324,820
B330,4675
B338,1900
B339,2295
B346,925
B347,1500
B356,1035
B357,6400
B360,2425
B368,2185
B369,1160
B375,3225
B376,2050
B377,33650
B380,1350
B388,1840
B389,690
B401,0
B421,2750
B422,7400
B435,1550
B436,875
B437,1530
B440,1175
B448,2635
B449,1975
B450,815
B458,1500
B459,5700
B461,8750
B462,1000
B463,3250
B475,875
B476,1950
B487,4400
B495,3750
B496,3050
B504,1700
B601,2900
B602,925
B603,4125
B604,17000
B610,2825
B617,225
B618,3225
B619,2750
B620,1500
B628,10600
B629,845
B631,745
B632,3075
B633,3925
B634,900
B645,3400
B646,1200
B647,1475
B650,3800
B658,1095
B659,970
B661,6750
B662,4000
B663,3750
B664,2550
B675,905
B676,1245
B677,1350
B680,1025
B688,1440
B689,3050
B691,3400
B692,8175
B693,3050
B694,10475
B700,7725
B706,4000
B707,4500
B708,7250
B709,4750
B711,1500
B712,465
B713,1430
B714,6525
B721,2925
B735,3475
B736,7575
B742,7500
B743,1305
B744,1300
B755,1900
B756,1175
B757,5600
B760,7000
B761,3900
B762,480
B769,6000
B771,2035
B772,1905
B773,800
B774,5170
B775,3770
B781,10850
B782,450
B783,6525
B790,1325
B797,6350
B798,4950
B799,950
B807,3600
B901,1875
B902,3545
B903,3675
B904,12200
B908,4000
B911,1300
B912,7325
B913,15525
B920,3800
B927,3125
B928,16395
B929,700
B930,2750
B938,1650
B939,1975
B945,2000
B946,500
B955,2050
B956,950
B966,1200
B974,1250
B975,2350
B976,1750
B980,7835
B987,11915
B988,10030
B989,5270
BA11,3500
BA12,5050
BA13,10050
BA14,900
BA15,13600
BA16,700
BA17,1050
BA18,650
BA19,450
BA20,375
BA21,1185
BA22,1350
BA23,5600
BA24,5800
BA25,2460
BA26,6600
BA27,4800
BA28,3425
BA29,575
BA32,3175
BA33,2050
BA34,5350
BA35,2225
BA44,5400
BA45,2000
BA46,2425
BA51,3100
BA52,3975
BA53,1525
BA68,1550
BA69,4100
BA77,1300
BA80,1800
BA98,800
BA99,2700
BA100,1300
BA111,1900
BA112,3775
BA113,900
BA114,2625
BA115,2775
BA116,450
BA120,2125
BA126,675
BA127,4425
BA128,850
BA129,6550
BA132,600
BA133,2000
BA134,5050
BA140,6225
BA146,2750
BA147,2200
BA148,8700
BA149,1915
BA151,2375
BA152,1675
BA160,6475
BA169,700
BA201,6000
BA202,10800
BA213,3760
BA214,4420
BA215,1885
BA227,1900
BA228,5575
BA229,795
BB11,1750
BB12,19700
BB13,3775
BB14,2250
BB15,7375
BB16,600
BB17,5000
BB18,2370
BB19,1750
BB21,9825
BB22,1490
BB23,2990
BB24,3250
BB25,650
BB26,2400
BB27,4995
BB30,6000
BB31,3500
BB32,1625
BB33,1300
BB44,2850
BB45,300
BB46,1350
BB47,5600
BB48,2625
BB49,1125
BB50,1250
BB51,2350
BB52,5540
BB53,1850
BB54,3625
BB55,7825
BB56,2065
BB67,2700
BB68,775
BB71,4800
BB72,2800
BB73,1150
BB74,2900
BB79,3725
BB80,350
BB87,1000
BB88,5275
BB89,3000
BB90,1100
BB95,4375
BB96,1975
BB97,4450
BB98,2500
BB99,1150
BB101,4850
BB102,4040
BB103,3175
BB104,2000
BB111,10500
BB112,1050
BB113,4000
BB114,900
BB115,3075
BB120,1175
BB126,1875
BB127,2475
BB128,3550
BB129,1800
BB185,2075
BB186,3750
BD11,11000
BD12,0
BD13,5000
BD14,8250
BD15,0
BD21,2670
BD22,900
BD23,645
BD24,1700
BD30,1775
BD37,3375
BD38,3550
BD39,1845
BD40,3520
BD46,8850
BD47,6850
BD48,5000
BD49,3525
BD50,2275
BD57,2675
BD58,3850
BD59,1050
BD61,1785
BD62,3740
BD63,2135
BD71,10000
BD72,2650
BD73,1475
BD74,1475
BD80,3540
BD87,450
BD88,2150
BD89,1625
BD94,2000
BD95,500
BD96,8500
BD100,3475
BD108,1500
BD109,610
BD111,2625
BD112,1475
BD120,4400
BD127,0
BD128,950
BD129,925
BD131,915
BD132,975
BD133,1025
BD134,400
BD135,1100
BD146,990
BD150,450
BD157,1250
BD158,0
BD159,145
BD161,5725
BD162,0
BD163,2855
BD164,650
BD175,1050
BD176,3150
BD177,375
BD181,2230
BD182,450
BD183,8850
BD184,1700
BD193,2350
BD194,3375
BD195,1250
BD196,2600
BD200,1750
BD205,2425
BD206,6250
BD207,2750
BD208,1100
BD209,1450
BD211,425
BD212,350
BD213,6200
BD214,3725
BD215,1735
BD220,1150
BD226,730
BD227,690
BD228,700
BD229,525
BD231,11000
BD232,3100
BD233,2050
BD234,2050
BD235,1200
BD236,2050
BD240,1250
BD249,1250
BH11,0
BH12,8000
BH13,9900
BH14,2490
BH25,6500
BH26,2875
BH37,1550
BH48,4200
BH49,720
BH51,1725
BH52,1500
BH63,1800
BH64,925
BH65,1000
BH76,2325
BH77,13500
BH80,1625
BH88,6550
BH89,4300
BH91,2450
BH92,2500
BH93,1175
BH104,975
BH105,925
BH106,175
BH107,1175
BH118,3995
BH119,1400
BH121,6000
BH122,845
BH123,3325
BH124,8790
BH125,2300
BH136,550
BH137,3450
BH140,4000
BH148,2450
BH149,1225
BH151,17900
BH152,3000
BH153,5700
BH154,4510
BH165,2000
BH166,1500
BH170,7000
BH177,5275
BH178,1500
BH179,720
BH188,1875
BH189,650
BH191,1250
BH192,1685
BH193,950
BH204,2815
BH205,1600
BH206,4050
BH207,3550
BH211,4275
BH212,2050
BH213,3325
BH214,250
BH215,1125
BH216,1850
BH217,8150
BH218,0
BH220,1500
BH228,1705
BH229,3775
BH231,3250
BH232,2825
BH233,4920
BH234,2725
BH235,2100
BH236,4500
BH237,375
BH238,1100
BH241,4200
BH242,2850
BH243,5750
BH244,700
BH255,3450
BH256,4100
BH257,900
BH316,2025
BH317,950
BL00,1250
BL09,2400
BL11,0
BL12,11600
BL13,2035
BL14,3300
BL15,2000
BL16,1200
BL17,1625
BL18,6025
BL21,5500
BL22,2825
BL23,1050
BL24,625
BL25,2225
BL26,2745
BL31,1370
BL32,4975
BL33,2125
BL34,1825
BL35,2925
BL36,6800
BL40,6900
BL47,3100
BL48,4000
BL49,1830
BL51,2225
BL52,1500
BL53,16225
BL64,650
BL65,1475
BL66,8675
BL67,2435
BL70,650
BL78,250
BL79,3975
BL81,2695
BL82,2775
BL83,1100
BL84,1975
BL90,17100
BL95,1250
BL96,5425
BL97,8200
BL98,5575
BL99,3550
BN11,27000
BN12,2100
BN13,2200
BN14,16800
BN15,1950
BN16,4900
BN17,925
BN18,4195
BN19,8675
BN20,10675
BN21,4150
BN23,4475
BN24,4315
BN25,4940
BN26,2045
BN27,1100
BN28,825
BN29,1500
BN31,3950
BN32,2500
BN33,7375
BN34,2650
BN35,4525
BN36,4125
BN37,7725
BN38,1025
BN59,4400
BN68,2600
BN69,3075
BN71,2850
BN72,8015
BN73,3575
BN84,2225
BN85,3500
BN86,2250
BN90,3950
BN99,1750
BN107,1725
BN108,1125
BN111,7300
BN112,12650
BN113,950
BN114,2500
BN115,1725
BN124,2900
BN125,1300
BN126,2400
BN131,1245
BN132,2350
BN133,5500
BN140,1000
BN147,2400
BN148,4575
BN149,2100
BN150,3900
BN158,2900
BN159,2950
BN161,925
BN162,850
BN163,3800
BN164,2500
BN175,6275
BN176,3080
BN177,2500
BN180,2725
BN189,2050
BN200,475
BN207,2600
BN208,1175
BN209,450
BN211,5300
BN212,4750
BN213,2850
BN214,5250
BN220,510
BN227,1850
BN228,2675
BN229,4925
BN235,1625
BN236,3995
BN237,990
BN238,725
BN245,1750
BN246,225
BN251,1300
BN252,850
BN253,1050
BN254,1525
BN265,1100
BN266,3300
BN271,4725
BN272,600
BN273,3650
BN274,1500
BN411,4250
BN412,1750
BN424,2650
BN435,2015
BN436,6230
BN443,4175
BN457,1500
BR11,6000
BR12,3450
BR13,11225
BR14,2625
BR15,1825
BR20,2700
BR26,1525
BR27,2450
BR28,3125
BR29,6525
BR31,7950
BR33,3675
BR34,2825
BR35,1425
BR36,875
BR40,2225
BR49,2375
BR51,2525
BR52,1705
BR53,6850
BR54,1340
BR60,6025
BR66,1725
BR67,6925
BR68,1840
BR69,2175
BR75,2300
BR76,3675
BR87,4620
BR88,3125
BS11,0
BS12,0
BS13,6000
BS14,26000
BS15,12000
BS16,35200
BS20,7000
BS28,21625
BS29,5400
BS31,2175
BS32,8700
BS33,1525
BS34,3500
BS35,900
BS41,2530
BS42,2300
BS43,5625
BS44,4565
BS45,2150
BS50,3800
BS56,4225
BS57,2775
BS58,2325
BS59,900
BS65,2575
BS66,4475
BS67,1975
BS70,12150
BS78,2475
BS79,3400
BS81,14500
BS82,3850
BS83,6500
BS84,3450
BS91,1175
BS92,1000
BS93,3850
BS94,2100
BS105,2300
BS106,1720
BS107,1550
BS110,9075
BS118,0
BS119,10300
BS130,1785
BS137,4950
BS138,550
BS139,1020
BS140,4675
BS148,830
BS149,2150
BS151,2450
BS153,2225
BS154,2495
BS158,1800
BS159,1875
BS161,20600
BS162,4225
BS163,2600
BS164,2065
BS165,3200
BS166,1050
BS167,3750
BS169,3800
BS200,4950
BS206,3925
BS207,5500
BS208,2525
BS215,45
BS216,7050
BS217,3175
BS226,1325
BS227,1545
BS228,1470
BS229,5150
BS231,5000
BS232,3050
BS233,6300
BS234,3850
BS240,1550
BS246,500
BS247,3100
BS248,3675
BS249,1850
BS251,1050
BS255,1250
BS262,1100
BS273,2750
BS284,800
BS296,850
BS305,3625
BS306,1125
BS307,2000
BS308,1135
BS309,875
BS311,6500
BS312,1300
BS313,1700
BS320,1125
BS324,19900
BS328,2810
BS329,1000
BS345,9275
BS346,800
BS347,9350
BS348,6700
BS351,2175
BS352,175
BS353,3600
BS354,4850
BS355,9000
BS361,5075
BS362,7875
BS374,845
BS375,3625
BS376,3875
BS377,5175
BS378,395
BS379,0
BS394,300
BS395,1550
BS396,800
BS397,1225
BS405,5500
BS406,300
BS407,2250
BS408,1775
BS409,0
BS418,500
BS419,1300
BS481,3350
BS482,1110
BS483,2375
BS484,575
BS494,1900
BS495,1750
CA11,6900
CA12,8125
CA13,865
CA24,3065
CA25,7450
CA26,2390
CA27,6525
CA30,4975
CA38,0
CA39,1600
CA40,3000
CA48,650
CA49,225
CA56,300
CA57,1900
CA64,6100
CA65,1550
CA66,300
CA70,725
CA71,800
CA72,575
CA73,700
CA74,1400
CA75,200
CA78,500
CA79,3000
CA81,1650
CA82,450
CA87,300
CA89,1300
CA93,600
CA101,1250
CA102,4700
CA103,1350
CA110,6200
CA117,2100
CA118,3175
CA119,1825
CA124,2650
CA125,2250
CA130,4150
CA139,1900
CA141,3900
CA142,2375
CA143,3180
CA144,5450
CA145,850
CA156,950
CA157,575
CA158,2325
CA166,1625
CA174,1750
CA181,0
CA191,500
CA201,14900
CA212,0
CA222,1725
CA233,375
CA243,1500
CA255,1100
CA263,475
CA270,250
CA286,1495
CA287,3500
CA288,3125
CA289,1140
CB11,0
CB12,6450
CB13,6590
CB17,250
CB18,1100
CB19,8425
CB20,15000
CB21,3500
CB23,18000
CB27,1000
CB28,12000
CB29,1700
CB30,2800
CB39,15300
CB40,7000
CB41,2275
CB42,2200
CB43,3600
CB58,8250
CB61,2975
CB62,3200
CB63,3255
CB74,4945
CB75,11225
CB80,1750
CB87,7775
CB88,2200
CB89,3450
CB90,3525
CB97,2025
CB98,4750
CB99,1175
CB101,6300
CB102,1400
CB113,3550
CB114,2575
CB214,1900
CB215,1775
CB216,4500
CB223,7675
CB224,1150
CB225,3225
CB226,500
CB227,1700
CB231,450
CB232,900
CB233,3600
CB234,4100
CB235,50
CB236,3200
CB237,2400
CB238,225
CB243,2300
CB244,2050
CB245,1525
CB246,10500
CB248,2225
CB249,4625
CB250,2000
CB259,7675
CF30,7520
CF31,350
CF32,5050
CF33,2100
CF34,650
CF35,2405
CF36,850
CF51,2450
CF52,5075
CF53,1545
CF54,1595
CF55,2575
CF56,2300
CF101,11000
CF102,0
CF103,33000
CF104,15040
CF105,12350
CF110,4800
CF116,2075
CF117,800
CF118,9250
CF119,7250
CF140,7950
CF141,2125
CF142,1380
CF143,5075
CF144,16350
CF145,6475
CF146,1660
CF147,3150
CF149,1190
CF157,9650
CF158,1100
CF159,3250
CF235,1625
CF236,2170
CF237,1885
CF238,1250
CF239,4300
CF240,5700
CF241,1650
CF242,4050
CF243,7200
CF244,4675
CF245,5000
CF311,6360
CF312,935
CF313,19000
CF314,3855
CF315,420
CF320,1475
CF327,470
CF328,1225
CF329,4075
CF334,1200
CF336,4100
CF340,1330
CF349,2200
CF355,4100
CF356,3825
CF363,2575
CF365,1475
CF371,4575
CF372,5925
CF373,495
CF374,2300
CF375,4275
CF381,2150
CF382,1920
CF390,650
CF398,2325
CF399,2140
CF401,2440
CF402,3100
CF417,1740
CF425,575
CF426,2050
CF433,350
CF434,1170
CF440,2925
CF446,1400
CF447,1125
CF448,2950
CF449,675
CF453,925
CF454,5100
CF465,1375
CF466,1275
CF470,3850
CF478,2100
CF479,3515
CF481,7075
CF482,3150
CF483,1600
CF484,725
CF611,1550
CF612,80
CF623,2250
CF624,1175
CF625,600
CF626,820
CF627,600
CF628,3850
CF629,930
CF631,900
CF632,2570
CF633,2075
CF634,2500
CF641,2775
CF642,5720
CF643,2425
CF644,1025
CF645,1175
CF717,6525
CF728,11925
CF729,4650
CF818,1700
CF819,1350
CF826,0
CF827,8000
CF828,2250
CF831,5275
CF832,1635
CF833,6775
CF834,500
CF838,4625
CH11,17000
CH12,0
CH13,2000
CH14,9600
CH15,1510
CH16,5750
CH21,9275
CH22,815
CH23,5600
CH24,6075
CH35,3250
CH36,800
CH37,2150
CH38,1000
CH39,2150
CH40,16400
CH47,1300
CH48,1265
CH49,12125
CH51,1475
CH52,20900
CH53,4150
CH54,1305
CH65,6250
CH66,850
CH71,8225
CH72,795
CH73,1850
CH74,1275
CH75,1150
CH76,3815
CH87,3175
CH88,1325
CH89,2100
CH410,175
CH411,2750
CH412,0
CH413,0
CH414,1975
CH415,0
CH416,14000
CH417,0
CH418,250
CH419,2850
CH420,1000
CH421,975
CH422,550
CH423,0
CH424,350
CH425,275
CH426,325
CH427,250
CH428,175
CH429,1250
CH430,250
CH431,950
CH432,550
CH433,1875
CH434,1100
CH435,950
CH436,0
CH437,2250
CH438,650
CH439,655
CH440,175
CH441,825
CH442,385
CH443,400
CH444,20
CH445,1875
CH446,925
CH447,150
CH448,800
CH449,600
CH450,525
CH451,225
CH452,350
CH453,825
CH454,1675
CH455,550
CH456,75
CH457,400
CH458,700
CH459,700
CH460,700
CH461,850
CH462,350
CH463,300
CH464,0
CH465,150
CH466,475
CH467,1750
CH468,700
CH469,500
CH470,0
CH471,1000
CH472,175
CH473,150
CH474,1600
CH475,0
CH476,300
CH477,200
CH478,225
CH479,300
CH480,1500
CH481,100
CH482,650
CH483,200
CH484,150
CH485,0
CH486,175
CH487,0
CH488,300
CH489,250
CH490,0
CH491,150
CH492,240
CH493,750
CH494,300
CH495,6450
CH496,1925
CH497,750
CH498,285
CH499,100
CH600,0
CH601,225
CH602,200
CH603,0
CH604,0
CH605,800
CH606,1575
CH607,200
CH608,750
CH609,100
CH610,125
CH611,150
CH612,350
CH613,275
CH614,0
CH615,300
CH616,0
CH617,0
CH618,500
CH619,0
CH620,500
CH621,150
CH622,0
CH623,9500
CH624,200
CH625,2200
CH626,125
CH627,1215
CH628,370
CH629,125
CH630,550
CH631,0
CH632,300
CH633,750
CH634,5000
CH635,375
CH636,225
CH637,1700
CH638,730
CH639,1175
CH640,170
CH641,175
CH642,350
CH643,0
CH644,350
CH645,600
CH646,825
CH647,1500
CH648,0
CH649,900
CH650,2550
CH651,700
CH652,4500
CH653,4500
CH654,0
CH655,0
CH656,775
CH657,1050
CH658,750
CH659,6465
CH660,0
CH661,650
CH662,935
CH663,675
CH664,1750
CH665,0
CH666,0
CH667,2250
CH668,0
CH669,0
CM07,1750
CM08,2450
CM11,16600
CM12,7725
CM13,2100
CM14,1950
CM16,6365
CM17,7500
CM20,10325
CM25,0
CM26,12345
CM27,3075
CM28,2185
CM29,2250
CM31,2750
CM32,1425
CM33,2150
CM34,1900
CM35,3765
CM36,1550
CM37,175
CM38,3150
CM40,850
CM49,3050
CM50,2850
CM59,2000
CM61,4095
CM62,1575
CM63,2975
CM71,6975
CM72,550
CM73,5125
CM74,2850
CM75,2410
CM79,1770
CM81,1330
CM82,7740
CM83,6275
CM94,6950
CM95,0
CM96,5925
CM98,3025
CM111,800
CM112,4325
CM120,6225
CM129,3150
CM131,2800
CM132,1625
CM133,9350
CM144,9075
CM145,2350
CM150,1900
CM158,1100
CM159,4750
CM164,300
CM165,2550
CM166,4400
CM167,2325
CM170,4150
CM179,1170
CM186,2670
CM187,2050
CM194,2025
CM195,9425
CM201,8500
CM202,13150
CM203,1535
CM210,4175
CM219,775
CM226,15100
CM227,3450
CM231,250
CM232,5200
CM233,6035
CM234,2425
CM235,4050
CM241,0
CM248,3600
CM776,600
CM777,2250
CM778,2350
CO11,12000
CO12,6325
CO20,1000
CO27,3750
CO28,4730
CO29,1300
CO30,4200
CO33,6250
CO34,950
CO38,250
CO39,1425
CO40,860
CO43,7520
CO45,11000
CO49,9625
CO50,2725
CO57,1600
CO58,1600
CO59,3200
CO61,4300
CO62,3300
CO63,1850
CO64,2450
CO65,0
CO70,2150
CO76,1300
CO77,3200
CO78,3600
CO79,775
CO85,0
CO91,2530
CO92,2800
CO93,1750
CO94,800
CO100,2675
CO101,1050
CO102,6000
CO105,525
CO107,1750
CO108,1750
CO109,3450
CO111,1975
CO112,2275
CO123,2250
CO124,3250
CO125,350
CO130,1355
CO139,1250
CO148,950
CO151,4075
CO152,500
CO153,2775
CO154,3375
CO155,1915
CO156,1400
CO160,1100
CO167,350
CO168,1375
CO169,1825
CR00,2685
CR01,13500
CR02,8250
CR03,5955
CR04,18125
CR05,22625
CR06,4150
CR07,2150
CR08,1530
CR09,875
CR20,1650
CR26,3800
CR27,1775
CR28,2180
CR29,1245
CR30,2450
CR35,4300
CR36,3550
CR37,700
CR41,1650
CR42,2675
CR43,3150
CR44,5325
CR51,1625
CR52,3575
CR53,1675
CR69,2700
CR76,1085
CR77,7045
CR78,2510
CR81,850
CR82,4625
CR83,1400
CR84,775
CR85,1425
CT11,8300
CT12,8900
CT13,11000
CT20,1325
CT27,1700
CT28,1500
CT29,8500
CT31,1650
CT32,250
CT33,1300
CT34,1925
CT45,2500
CT46,1350
CT47,1200
CT48,125
CT51,2800
CT52,1350
CT53,6250
CT54,1115
CT65,2750
CT66,1550
CT67,2335
CT68,1700
CT70,1250
CT79,1240
CT88,1600
CT91,4450
CT92,1975
CT93,1335
CT94,4250
CT95,1925
CT101,2925
CT102,5625
CT103,1475
CT110,520
CT117,1900
CT118,1325
CT119,2725
CT124,625
CT125,2700
CT126,5200
CT130,775
CT139,4400
CT140,875
CT146,2080
CT147,1425
CT148,400
CT149,1975
CT154,1750
CT155,650
CT156,575
CT157,2050
CT161,4000
CT162,3775
CT163,200
CT170,2900
CT179,3850
CT187,775
CT188,3275
CT194,3650
CT195,3240
CT196,1110
CT201,4700
CT202,5100
CT203,2795
CT214,2600
CT215,550
CT216,2250
CV11,22000
CV12,5625
CV13,2700
CV14,2500
CV15,7450
CV21,3475
CV22,19350
CV23,2045
CV24,1875
CV25,2675
CV31,2200
CV32,11925
CV33,3650
CV34,9500
CV35,1200
CV36,2100
CV47,10850
CV48,8075
CV49,8100
CV56,3225
CV57,1100
CV58,1175
CV59,3325
CV61,2475
CV62,1950
CV63,2950
CV64,2930
CV65,8535
CV66,5225
CV67,2040
CV77,3050
CV78,6350
CV79,13800
CV81,4550
CV82,2150
CV83,10900
CV91,4075
CV92,7050
CV93,1200
CV100,2475
CV107,11685
CV108,1555
CV109,1615
CV114,6675
CV115,2775
CV116,5795
CV120,1000
CV128,3065
CV129,1755
CV130,2850
CV136,1900
CV211,7150
CV212,8350
CV213,3475
CV214,975
CV225,5800
CV226,1495
CV227,2320
CV230,7025
CV238,5000
CV239,2350
CV311,3800
CV312,2350
CV313,2500
CV324,7000
CV325,5625
CV326,3225
CV327,1625
CV339,2650
CV344,600
CV345,14350
CV346,26325
CV350,12400
CV357,3400
CV358,500
CV359,2850
CV364,1975
CV365,600
CV370,6400
CV376,8000
CV377,3650
CV378,3175
CV379,6650
CV470,2500
CV471,650
CV472,1100
CV477,300
CV478,600
CV479,300
CW12,7000
CW13,2365
CW14,875
CW15,1250
CW16,15000
CW25,3625
CW26,4100
CW27,2650
CW28,6560
CW30,175
CW39,1000
CW47,1825
CW48,1900
CW55,2525
CW56,9400
CW57,4475
CW58,1200
CW60,3050
CW69,3450
CW71,1630
CW72,4300
CW73,7730
CW74,1175
CW81,2060
CW82,3575
CW83,875
CW84,2175
CW95,4150
CW96,4425
CW97,12410
CW98,1925
CW100,3900
CW109,3700
CW111,1500
CW112,175
CW113,4800
CW114,2675
CW121,3700
CW122,875
CW123,1345
CW124,5850
DA11,3725
DA12,6950
DA13,1550
DA14,7325
DA15,8400
DA26,6550
DA27,2330
DA28,300
DA37,2750
DA38,2550
DA40,1400
DA49,1100
DA51,2275
DA52,1400
DA53,800
DA67,3875
DA68,4100
DA74,4065
DA75,1050
DA76,1235
DA81,4075
DA82,3530
DA83,3450
DA99,22050
DA100,700
DA101,1500
DA110,5950
DA117,1650
DA118,4525
DA119,4225
DA121,3800
DA122,3950
DA123,1200
DA124,1245
DA125,1775
DA130,4350
DA139,1925
DA144,3375
DA145,6800
DA146,3425
DA157,4200
DA158,1200
DA159,1950
DA161,2440
DA162,2425
DA163,1690
DA175,1050
DA176,5850
DA184,775
DD11,7175
DD12,1340
DD13,2150
DD14,10700
DD15,9100
DD21,4320
DD22,920
DD23,6155
DD24,1760
DD25,2870
DD30,1220
DD36,2395
DD37,1560
DD38,8100
DD39,515
DD40,1120
DD46,1245
DD47,1290
DD48,7100
DD49,2250
DD51,1525
DD52,1560
DD53,1880
DD54,1655
DD68,675
DD69,435
DD76,575
DD77,1610
DD81,3090
DD82,2395
DD83,2900
DD84,1120
DD85,600
DD96,1025
DD97,1985
DD100,1140
DD108,3300
DD109,3315
DD111,2650
DD112,2465
DD113,3045
DD114,685
DD115,750
DE11,2750
DE12,25500
DE13,6750
DE30,4600
DE39,10950
DE42,6200
DE43,2200
DE44,2775
DE45,4675
DE53,7425
DE58,2500
DE59,1325
DE61,7250
DE62,1550
DE63,950
DE64,0
DE65,900
DE74,4875
DE75,6800
DE76,3250
DE78,2920
DE79,1300
DE110,1550
DE117,725
DE118,5000
DE119,4550
DE126,1800
DE127,3400
DE128,1450
DE130,9160
DE137,2800
DE138,5675
DE139,2400
DE141,12000
DE142,10725
DE143,3600
DE150,2850
DE159,2350
DE212,845
DE214,5610
DE215,2375
DE216,8650
DE217,5155
DE221,2500
DE222,3980
DE223,4785
DE224,1000
DE225,1250
DE231,845
DE232,375
DE233,225
DE234,1000
DE236,1750
DE238,4575
DE240,2765
DE241,3000
DE243,190
DE245,0
DE248,34325
DE249,8225
DE451,6425
DE551,2875
DE552,3860
DE553,3175
DE554,7000
DE555,1875
DE556,1385
DE557,5225
DE560,2650
DE561,4585
DE562,3250
DE564,1250
DE655,6000
DE656,3875
DE722,300
DE723,5075
DE735,500
DE736,1050
DE737,1300
DE738,2025
DE742,20350
DE757,4650
DG11,2890
DG12,7100
DG13,2905
DG14,4075
DG20,1085
DG27,600
DG28,2150
DG29,2985
DG34,825
DG35,700
DG46,1625
DG54,1225
DG64,1750
DG71,2820
DG72,700
DG73,3050
DG80,35
DG86,1700
DG87,325
DG88,375
DG89,800
DG90,325
DG97,2670
DG98,2175
DG99,350
DG109,975
DG111,1750
DG112,3100
DG113,2675
DG125,1345
DG126,2810
DG130,1000
DG140,140
DG165,1425
DH11,3580
DH12,3650
DH13,10475
DH14,1850
DH15,15400
DH21,3495
DH22,3050
DH23,475
DH31,1770
DH32,5400
DH33,2050
DH34,2135
DH44,1000
DH45,7180
DH46,1125
DH47,825
DH50,390
DH58,420
DH59,2000
DH61,825
DH62,800
DH63,375
DH64,675
DH65,2850
DH70,1200
DH76,1010
DH77,775
DH78,4900
DH79,1950
DH80,850
DH85,3725
DH86,1850
DH87,2450
DH88,1925
DH89,750
DH90,3350
DH96,1200
DH97,2850
DH98,970
DH99,1375
DL11,4100
DL12,2425
DL13,3925
DL14,9785
DL15,1500
DL21,2100
DL22,3000
DL23,500
DL30,4690
DL36,1695
DL37,12200
DL38,2050
DL39,925
DL41,1200
DL42,1425
DL54,2350
DL55,515
DL56,11750
DL57,790
DL61,4375
DL62,1400
DL63,100
DL70,7850
DL78,3800
DL79,375
DL81,1750
DL82,1150
DL83,1950
DL84,1300
DL85,2150
DL93,1775
DL94,2525
DL104,2600
DL105,0
DL106,1150
DL107,2275
DL116,500
DL117,1750
DL120,800
DL128,4650
DL129,1400
DL131,400
DL132,900
DL133,1200
DL134,700
DL135,125
DL140,1125
DL146,4650
DL147,4675
DL148,875
DL149,3075
DL150,1445
DL158,1775
DL159,740
DL166,4245
DL167,1975
DL170,2175
DL178,1575
DL179,475
DN11,4000
DN12,11700
DN13,5225
DN24,5975
DN25,8100
DN26,1500
DN31,2675
DN32,1925
DN33,5200
DN40,3475
DN45,14600
DN46,1025
DN47,750
DN48,8500
DN49,1925
DN50,2100
DN57,2375
DN58,1575
DN59,2750
DN60,600
DN67,5925
DN68,2275
DN69,1800
DN74,1225
DN75,1250
DN76,2600
DN84,3105
DN85,3675
DN91,3150
DN92,800
DN93,3450
DN104,1000
DN105,0
DN106,2700
DN110,1985
DN118,620
DN119,2700
DN121,2200
DN122,350
DN123,775
DN124,1850
DN140,2650
DN145,3175
DN146,5100
DN147,5250
DN148,3825
DN149,1800
DN150,2600
DN156,6000
DN157,5625
DN158,11570
DN159,1600
DN161,10950
DN162,1825
DN163,1335
DN171,2755
DN172,4170
DN173,1275
DN174,1325
DN185,3700
DN186,775
DN197,1675
DN200,1910
DN208,3850
DN209,1050
DN211,4200
DN212,3500
DN213,1325
DN214,1125
DN215,1350
DN220,2800
DN226,1400
DN227,5870
DN228,2550
DN229,1100
DN311,10700
DN312,8200
DN313,3500
DN320,2605
DN327,2780
DN328,2250
DN329,1650
DN331,510
DN332,3250
DN333,775
DN344,1100
DN345,2420
DN350,1920
DN357,1900
DN358,3100
DN359,725
DN364,3975
DN365,1175
DN370,1690
DN377,1075
DN378,600
DN379,610
DN386,500
DN396,1450
DN401,1050
DN402,5200
DN403,4625
DN417,4000
DN418,3400
DT11,13400
DT12,2325
DT13,5500
DT20,950
DT27,3700
DT28,2150
DT29,1800
DT34,3125
DT35,2000
DT36,1700
DT40,2445
DT47,6550
DT48,550
DT49,6335
DT51,1650
DT52,975
DT63,4525
DT64,1000
DT65,980
DT66,1300
DT73,1750
DT83,1575
DT93,3000
DT94,2425
DT95,175
DT96,3340
DT101,1750
DT102,1700
DT110,950
DT117,4100
DT118,2750
DT119,3600
DY11,0
DY12,12350
DY13,1140
DY14,5075
DY20,5295
DY27,1325
DY28,3900
DY29,4125
DY31,2200
DY32,1795
DY33,1100
DY34,800
DY40,5000
DY47,3400
DY48,2900
DY49,2925
DY51,14195
DY52,1825
DY53,3700
DY54,995
DY60,475
DY67,7300
DY68,2445
DY69,1875
DY75,1950
DY76,850
DY81,4125
DY82,1650
DY83,2825
DY84,2800
DY85,2035
DY90,3225
DY97,2375
DY98,2400
DY99,1570
DY101,8675
DY102,1630
DY103,1285
DY104,2275
DY115,3880
DY116,2495
DY117,4500
DY121,1300
DY122,1625
DY123,300
DY130,425
DY138,1875
DY139,4025
DY140,700
DY148,950
DY149,225
E10,1450
E11,3850
E12,22150
E13,500
E14,9540
E15,4925
E16,24500
E17,0
E18,19150
E20,3975
E26,4700
E27,2750
E28,9000
E29,3775
E32,5550
E33,4425
E34,2575
E35,2525
E46,2325
E47,4500
E48,4225
E49,8850
E50,1850
E58,2600
E59,4700
E61,2415
E62,5040
E63,2750
E65,3075
E66,2250
E67,7000
E70,2250
E78,5055
E79,2825
E81,6350
E82,4625
E83,6150
E84,840
E95,3265
E96,7400
E97,3325
E105,6300
E106,3325
E107,3350
E111,6275
E112,2975
E113,3425
E114,3875
E125,3050
E126,3805
E130,3075
E138,2200
E139,5125
E140,1550
E142,3800
E143,18750
E144,0
E145,127000
E146,2125
E147,5175
E148,3950
E149,9475
E151,7350
E152,20725
E153,1500
E154,14175
E161,3900
E162,6500
E163,3700
E164,8600
E173,3100
E174,3450
E175,5325
E176,4375
E177,2425
E178,1750
E179,3150
E181,3600
E182,2300
E1W1,8000
E1W2,1950
E1W3,3300
EC1A2,0
EC1A4,0
EC1A7,0
EC1A9,0
EC1M3,0
EC1M4,0
EC1M5,24000
EC1M6,0
EC1M7,12000
EC1N2,0
EC1N6,0
EC1N7,7000
EC1N8,16000
EC1R0,1500
EC1R1,5000
EC1R3,0
EC1R4,23000
EC1R5,0
EC1V0,7000
EC1V1,0
EC1V2,0
EC1V3,2500
EC1V4,1750
EC1V7,3500
EC1V8,0
EC1V9,9000
EC1Y0,2250
EC1Y1,0
EC1Y2,0
EC1Y4,0
EC1Y8,43500
EC2A1,0
EC2A2,0
EC2A3,38000
EC2A4,0
EC2M1,0
EC2M2,0
EC2M3,0
EC2M4,0
EC2M5,0
EC2M6,0
EC2M7,0
EC2N1,0
EC2N2,336000
EC2N3,0
EC2N4,0
EC2R5,0
EC2R6,0
EC2R7,0
EC2R8,0
EC2V5,0
EC2V6,0
EC2V7,0
EC2V8,0
EC2Y5,37000
EC2Y8,14000
EC2Y9,0
EC3A1,0
EC3A2,0
EC3A3,0
EC3A4,0
EC3A5,0
EC3A6,0
EC3A7,0
EC3A8,0
EC3M1,0
EC3M2,0
EC3M3,0
EC3M4,0
EC3M5,0
EC3M6,0
EC3M7,0
EC3M8,0
EC3N1,19000
EC3N2,0
EC3N3,0
EC3N4,0
EC3R5,0
EC3R6,0
EC3R7,0
EC3R8,0
EC3V0,0
EC3V1,0
EC3V3,0
EC3V4,0
EC3V9,0
EC4A1,0
EC4A2,0
EC4A3,114000
EC4A4,0
EC4M5,0
EC4M6,0
EC4M7,0
EC4M8,0
EC4M9,0
EC4N1,0
EC4N4,0
EC4N5,0
EC4N6,0
EC4N7,0
EC4N8,0
EC4R0,0
EC4R1,0
EC4R2,0
EC4R3,0
EC4R9,0
EC4V2,0
EC4V3,0
EC4V4,0
EC4V5,0
EC4V6,0
EC4Y0,0
EC4Y1,0
EC4Y7,0
EC4Y8,0
EC4Y9,0
EH11,6500
EH12,5250
EH13,10800
EH21,6000
EH22,20000
EH23,0
EH24,16000
EH35,4750
EH36,4835
EH37,3000
EH38,23625
EH39,15700
EH41,3020
EH42,10130
EH43,7750
EH44,1420
EH45,625
EH46,1150
EH47,950
EH48,220
EH51,3770
EH52,2925
EH53,855
EH64,2320
EH65,4850
EH66,4010
EH67,6745
EH68,1755
EH74,7440
EH75,5740
EH76,2050
EH87,4525
EH88,1760
EH89,2900
EH91,4670
EH92,3400
EH93,5350
EH104,2875
EH105,5485
EH106,2345
EH107,945
EH111,4590
EH112,3305
EH113,3540
EH114,5035
EH120,0
EH125,7175
EH126,3125
EH127,1780
EH128,2305
EH129,44375
EH130,1165
EH139,1290
EH141,3330
EH142,2700
EH143,880
EH144,3500
EH145,895
EH146,425
EH147,930
EH151,2575
EH152,1970
EH153,1710
EH164,11630
EH165,4810
EH166,2180
EH177,1570
EH178,1015
EH181,875
EH192,1105
EH193,2520
EH209,7285
EH216,3450
EH217,3825
EH218,4060
EH221,5635
EH222,970
EH223,2645
EH224,2235
EH225,555
EH234,1120
EH249,675
EH259,245
EH260,3590
EH268,1140
EH269,860
EH278,1135
EH288,5900
EH299,490
EH309,3690
EH312,270
EH320,1450
EH329,1410
EH331,2850
EH332,1855
EH345,375
EH355,125
EH365,225
EH375,325
EH385,0
EH394,915
EH395,2175
EH403,150
EH413,3225
EH414,1850
EH421,2890
EH436,125
EH446,445
EH458,2350
EH459,1335
EH467,825
EH470,1485
EH477,950
EH478,740
EH479,725
EH481,605
EH482,10215
EH483,1485
EH484,1260
EH496,1935
EH497,3725
EH510,555
EH519,2605
EH525,4580
EH526,2085
EH530,1855
EH545,6290
EH546,14505
EH547,595
EH548,8555
EH549,1515
EH558,13195
EN11,9800
EN12,950
EN13,3000
EN14,1495
EN20,2575
EN26,4725
EN27,1300
EN28,3375
EN29,2900
EN34,5400
EN35,2615
EN36,4475
EN37,10550
EN40,2800
EN48,2375
EN49,1150
EN51,1575
EN52,6400
EN53,825
EN54,1950
EN55,5350
EN61,5500
EN62,3700
EN63,4675
EN64,1775
EN65,1500
EN75,1800
EN76,1825
EN80,3750
EN87,5800
EN88,3725
EN89,3450
EN91,3925
EN92,2950
EN93,2900
EN106,2000
EN107,1075
EN110,7950
EN118,4050
EN119,1150
EX11,14500
EX12,4500
EX13,7520
EX24,4050
EX25,8625
EX26,775
EX27,19425
EX28,12000
EX29,1450
EX30,1150
EX40,800
EX41,1785
EX42,1135
EX43,3000
EX44,11500
EX45,130
EX46,900
EX47,425
EX48,2200
EX49,325
EX51,4300
EX52,6750
EX53,700
EX54,325
EX55,800
EX66,875
EX67,1525
EX68,1325
EX70,3475
EX79,800
EX81,1450
EX82,3550
EX83,1175
EX84,925
EX85,2175
EX96,1025
EX97,2425
EX100,2200
EX108,3250
EX109,750
EX111,1850
EX122,2225
EX123,600
EX124,0
EX135,1400
EX137,2400
EX138,650
EX141,2000
EX142,2200
EX143,1325
EX144,900
EX149,1225
EX151,3850
EX152,2450
EX153,1450
EX164,3600
EX165,1000
EX166,2550
EX167,2350
EX168,950
EX169,950
EX171,1200
EX172,1250
EX173,1100
EX174,925
EX175,700
EX176,1050
EX187,1500
EX198,200
EX201,2275
EX202,1050
EX203,2300
EX204,1000
EX215,1000
EX226,1550
EX227,2600
EX230,800
EX238,3125
EX239,1150
EX246,1000
EX311,7600
EX312,4950
EX313,2225
EX314,5900
EX320,2000
EX327,675
EX328,1625
EX329,1750
EX331,1475
EX332,1225
EX340,175
EX347,0
EX348,4950
EX349,2125
EX356,700
EX363,1900
EX364,2400
EX379,700
EX387,1550
EX388,1500
EX391,2225
EX392,1250
EX393,4800
EX394,1600
EX395,1600
EX396,350
FK11,7710
FK12,530
FK13,625
FK14,2555
FK15,3865
FK20,2375
FK27,3825
FK28,1665
FK29,1160
FK30,400
FK38,13320
FK39,4090
FK41,1960
FK42,1225
FK53,1710
FK54,12370
FK65,995
FK66,2335
FK70,465
FK77,9095
FK78,3970
FK79,575
FK81,6770
FK82,3850
FK83,1725
FK94,9100
FK95,4395
FK101,4395
FK102,2235
FK103,3390
FK104,1370
FK117,150
FK125,2225
FK136,1100
FK147,1590
FK150,1550
FK159,900
FK166,675
FK178,1360
FK188,0
FK198,150
FK208,300
FK218,450
FY01,0
FY11,2000
FY12,750
FY13,4550
FY14,6400
FY15,1985
FY16,2525
FY20,7750
FY29,2325
FY30,275
FY37,2350
FY38,7980
FY39,4175
FY41,3725
FY42,1825
FY43,950
FY44,6475
FY45,6250
FY51,2430
FY52,1875
FY53,1900
FY54,2480
FY55,1000
FY60,1425
FY67,4950
FY68,1450
FY69,500
FY76,4150
FY77,980
FY78,3260
FY81,4050
FY82,3700
FY83,1700
FY84,7375
FY85,4750
G11,19000
G12,0
G13,0
G14,0
G15,3550
G21,0
G22,0
G23,0
G24,72000
G25,0
G26,0
G27,13000
G28,19000
G36,6020
G37,8300
G38,16250
G40,19850
G49,13390
G50,12630
G58,4850
G59,1350
G115,1030
G116,2525
G117,1575
G120,7985
G128,9875
G129,2075
G131,1970
G132,1540
G133,520
G134,625
G140,5895
G149,440
G156,1120
G157,1415
G158,1855
G200,2840
G206,1230
G207,1840
G208,620
G209,1955
G211,4615
G212,6370
G213,2360
G214,1855
G225,930
G226,1655
G227,1630
G235,1055
G311,1885
G312,3440
G313,1910
G314,3310
G315,700
G320,980
G326,770
G327,2790
G328,9370
G329,1175
G331,1650
G332,1615
G333,745
G334,5045
G335,1095
G336,2340
G340,340
G349,3540
G401,1945
G402,3020
G403,4050
G404,610
G411,5425
G412,2410
G413,2360
G414,875
G415,1090
G420,2385
G427,2555
G428,1870
G429,2235
G431,1855
G432,1040
G443,1170
G444,915
G445,985
G450,1010
G459,2050
G466,1585
G467,3125
G468,3435
G511,8590
G512,3275
G513,5200
G514,35290
G521,755
G522,1985
G523,2665
G524,210
G535,1135
G536,3945
G537,3270
G605,475
G611,1770
G612,1270
G613,2400
G614,885
G626,2165
G627,980
G628,425
G630,1350
G639,1080
G641,1520
G642,3635
G643,730
G644,250
G650,1010
G659,4435
G661,4850
G662,1330
G663,1045
G664,2050
G665,990
G667,760
G668,495
G671,14535
G672,970
G673,6385
G674,1220
G680,1195
G689,4480
G690,475
G696,2605
G697,4095
G698,1825
G699,860
G715,395
G716,1405
G717,5135
G718,1980
G720,11335
G726,75
G727,4465
G728,4315
G729,1365
G731,4070
G732,1825
G733,1925
G734,460
G735,440
G741,4890
G742,740
G743,765
G744,2630
G745,6700
G750,7280
G758,5215
G759,1700
G760,795
G767,1955
G768,1230
G769,225
G775,1680
G776,3180
G781,4210
G782,1580
G783,655
G784,175
G811,2175
G812,7250
G813,985
G814,4750
G815,580
G816,830
G821,3675
G822,2090
G823,2100
G824,1525
G825,855
G830,2040
G837,500
G838,2655
G839,1345
G840,4460
G847,1470
G848,2095
G849,510
GL11,4000
GL12,8250
GL13,10650
GL14,2380
GL15,3200
GL20,2000
GL22,6100
GL23,2800
GL24,3710
GL25,6950
GL27,2750
GL28,1400
GL29,8000
GL31,1400
GL32,1100
GL33,5925
GL34,4300
GL40,2180
GL43,8250
GL44,1120
GL45,810
GL46,1460
GL48,0
GL51,2125
GL52,700
GL53,1350
GL54,8025
GL55,1950
GL60,850
GL66,1200
GL67,1850
GL68,1125
GL69,4150
GL71,6190
GL72,7450
GL73,1250
GL74,1975
GL75,4800
GL76,3100
GL77,2200
GL88,4475
GL91,500
GL102,1500
GL103,8425
GL114,1900
GL115,1800
GL116,525
GL127,3600
GL128,4500
GL139,2450
GL141,1100
GL142,2625
GL143,1475
GL154,1575
GL155,3150
GL156,1350
GL167,2350
GL168,1650
GL170,2950
GL179,1125
GL181,2000
GL182,350
GL193,2225
GL194,850
GL205,2265
GL206,700
GL207,1675
GL208,10150
GL501,8000
GL502,3725
GL503,8250
GL504,7625
GL510,1950
GL513,1825
GL514,3900
GL516,4725
GL517,1250
GL518,2450
GL519,5900
GL522,2350
GL523,3725
GL525,1350
GL526,1900
GL527,750
GL528,1125
GL529,800
GL530,1950
GL537,8900
GL538,1200
GL539,725
GL541,2150
GL542,1950
GL543,2100
GL544,1400
GL545,2775
GL556,3575
GL560,2500
GL569,1350
GU11,9275
GU12,1425
GU13,9500
GU14,11500
GU24,2100
GU27,17400
GU28,730
GU29,1800
GU31,4500
GU32,800
GU33,2400
GU47,5000
GU48,1650
GU50,1850
GU59,1600
GU67,1800
GU68,4100
GU71,5350
GU72,3050
GU73,2500
GU84,2400
GU85,1875
GU86,3000
GU90,5125
GU97,3500
GU98,3075
GU99,3050
GU101,2150
GU102,1100
GU103,2000
GU104,925
GU105,3600
GU111,4450
GU112,6250
GU113,2250
GU124,5800
GU125,1825
GU126,925
GU140,6225
GU146,13475
GU147,7075
GU148,4660
GU149,1875
GU151,1150
GU152,8000
GU153,11225
GU154,3925
GU166,5450
GU167,4000
GU168,13175
GU169,125
GU170,565
GU179,4500
GU185,1575
GU195,4300
GU206,2350
GU212,3725
GU213,1145
GU214,3650
GU215,7875
GU216,12000
GU217,0
GU218,550
GU220,1850
GU227,4750
GU228,1600
GU229,2650
GU236,2450
GU237,1050
GU240,2650
GU248,2375
GU249,2500
GU254,2575
GU266,3200
GU271,2675
GU272,1750
GU273,1650
GU280,950
GU289,2150
GU290,2200
GU299,550
GU307,5200
GU314,1650
GU315,1100
GU321,2050
GU322,1900
GU323,4600
GU336,1075
GU337,1100
GU341,3700
GU342,4550
GU343,1250
GU344,2600
GU345,2500
GU350,2000
GU358,900
GU359,1900
GU466,2700
GU467,950
GU470,1170
GU478,2775
GU479,500
GU511,950
GU512,0
GU513,4425
GU514,1400
GU515,800
GU520,250
GU526,425
GU527,600
GU528,1300
GU529,300
HA01,8550
HA02,900
HA03,2925
HA04,6475
HA11,1950
HA12,9500
HA13,21925
HA14,4275
HA20,1850
HA26,800
HA27,1775
HA28,2500
HA29,2025
HA30,2525
HA35,2350
HA36,2400
HA37,1525
HA38,3175
HA39,2475
HA40,7175
HA46,4450
HA47,6875
HA48,2000
HA49,1725
HA51,800
HA52,2150
HA53,3900
HA54,2150
HA55,1925
HA61,3400
HA62,8600
HA63,1725
HA71,1775
HA72,1625
HA73,3575
HA74,2500
HA80,3040
HA85,3900
HA86,3575
HA87,4300
HA88,2600
HA89,2825
HA90,14000
HA96,1350
HA97,4525
HA98,2875
HA99,2400
HD11,0
HD12,0
HD13,7500
HD14,3950
HD15,1750
HD16,18500
HD21,7100
HD22,4850
HD33,7250
HD34,2625
HD45,1650
HD46,2120
HD47,1275
HD50,1800
HD58,2075
HD59,1345
HD61,7000
HD62,500
HD63,2275
HD64,5850
HD74,975
HD75,3325
HD76,750
HD80,2750
HD88,3125
HD89,3425
HD91,925
HD92,2050
HD93,750
HD94,925
HD95,1450
HD96,2250
HD97,850
HG11,2500
HG12,10150
HG13,1075
HG14,9120
HG15,3700
HG20,1500
HG27,1300
HG28,6850
HG29,950
HG31,7525
HG32,2800
HG33,3250
HG34,600
HG35,650
HG41,4365
HG42,2100
HG43,1200
HG44,1200
HG45,3750
HG50,2100
HG58,6300
HG59,850
HP11,7925
HP12,895
HP13,2250
HP24,4600
HP25,1270
HP26,1195
HP27,23085
HP30,2925
HP38,1525
HP39,6700
HP41,2125
HP42,4000
HP43,3675
HP51,4650
HP52,4895
HP53,850
HP65,4250
HP66,1250
HP70,4000
HP79,1675
HP84,1800
HP91,7325
HP92,1500
HP100,4000
HP108,3825
HP109,1150
HP111,17550
HP112,7750
HP123,9700
HP124,5350
HP135,2400
HP136,3555
HP137,1185
HP143,2925
HP144,2475
HP156,2175
HP157,1450
HP160,1975
HP169,1750
HP170,600
HP178,4100
HP179,0
HP180,6575
HP189,3150
HP190,475
HP197,675
HP198,6045
HP199,1600
HP201,17225
HP202,900
HP217,2050
HP218,2095
HP219,5205
HP224,1375
HP225,6175
HP226,2050
HP234,2825
HP235,575
HP236,2950
HP270,2375
HP279,1800
HR11,3140
HR12,14400
HR13,2000
HR14,2425
HR20,900
HR26,6300
HR27,1205
HR28,2100
HR29,2000
HR35,1500
HR36,1075
HR40,1475
HR47,1525
HR48,1800
HR49,8300
HR53,1350
HR60,1350
HR68,4650
HR69,1650
HR74,2450
HR81,2100
HR82,3300
HR95,2300
HR96,1600
HR97,4300
HS12,6100
HS20,1620
HS29,675
HS33,625
HS43,0
HS53,0
HS65,125
HS75,925
HS85,600
HS95,225
HU11,0
HU12,16000
HU13,0
HU14,0
HU20,1250
HU28,13000
HU29,0
HU31,10100
HU32,3950
HU33,400
HU34,8000
HU35,900
HU36,1850
HU46,5325
HU47,1525
HU51,2850
HU52,1450
HU53,1400
HU54,2775
HU55,1550
HU60,0
HU67,6250
HU68,1115
HU69,2520
HU70,9900
HU73,2525
HU74,3225
HU75,825
HU76,900
HU80,1150
HU87,4500
HU88,3610
HU89,1390
HU91,5300
HU92,950
HU93,1250
HU94,1960
HU95,8870
HU106,4950
HU107,2525
HU114,1400
HU115,1150
HU120,1575
HU128,4760
HU129,1175
HU130,4800
HU139,5250
HU143,3800
HU151,4375
HU152,3575
HU164,1450
HU165,4930
HU170,6500
HU175,300
HU177,1400
HU178,8925
HU179,2450
HU181,2275
HU192,1575
HU203,125
HX11,14000
HX12,450
HX13,2500
HX14,1500
HX15,2550
HX20,1570
HX26,1925
HX27,700
HX28,1075
HX29,2370
HX30,7150
HX35,725
HX36,6200
HX37,1350
HX38,1975
HX39,4025
HX40,900
HX48,3725
HX49,575
HX50,950
HX59,8750
HX61,600
HX62,975
HX63,1900
HX64,1800
HX75,950
HX76,475
HX77,175
HX78,1700
IG11,12750
IG12,3125
IG13,3150
IG14,3450
IG26,3375
IG27,4300
IG38,6575
IG39,4500
IG45,3875
IG50,1800
IG61,2975
IG62,2975
IG63,1725
IG74,3450
IG75,1850
IG76,2325
IG80,2125
IG87,1275
IG88,2050
IG89,1775
IG95,2750
IG96,950
IG101,3350
IG102,1400
IG103,8175
IG104,3100
IG110,7200
IG117,8500
IG118,3075
IG119,2850
IP11,10000
IP12,7100
IP13,2600
IP14,1650
IP15,7525
IP16,3575
IP20,6425
IP28,2375
IP29,1770
IP30,2240
IP38,2900
IP39,9800
IP41,7175
IP42,945
IP43,1050
IP44,1375
IP45,8100
IP51,1300
IP52,1425
IP53,5500
IP60,2950
IP68,1150
IP69,1200
IP75,3100
IP76,2700
IP77,1050
IP83,3900
IP84,2575
IP91,750
IP92,2275
IP100,2225
IP110,1075
IP112,2025
IP113,7500
IP114,0
IP117,2025
IP119,1700
IP121,2925
IP122,2200
IP123,950
IP124,4750
IP130,450
IP136,2200
IP137,1000
IP138,350
IP139,2000
IP141,3425
IP142,1495
IP143,1450
IP144,1400
IP145,4950
IP146,700
IP155,1600
IP164,2550
IP171,1950
IP172,950
IP173,1400
IP186,2350
IP190,400
IP198,3575
IP199,0
IP200,500
IP209,1425
IP214,2675
IP215,2100
IP221,1575
IP222,1100
IP224,4500
IP225,1100
IP237,3100
IP238,350
IP241,3800
IP242,5210
IP243,4235
IP256,3050
IP257,2075
IP264,1950
IP265,350
IP270,5065
IP279,1425
IP286,18600
IP287,3650
IP288,1525
IP294,1100
IP295,2600
IP300,1500
IP309,3175
IP311,750
IP312,1950
IP313,1975
IP326,2040
IP327,4615
IP331,12550
IP332,7265
IP333,5525
IV11,19000
IV13,325
IV23,11130
IV24,3005
IV25,1675
IV26,2155
IV27,3620
IV35,4650
IV38,4025
IV47,1075
IV57,175
IV67,1475
IV78,985
IV88,300
IV98,100
IV108,600
IV118,200
IV124,1540
IV125,2370
IV137,400
IV149,450
IV159,5000
IV169,275
IV170,3495
IV180,2635
IV191,1650
IV201,700
IV212,450
IV222,600
IV232,100
IV243,550
IV253,1125
IV262,1100
IV274,1400
IV283,75
IV301,10425
IV304,1100
IV305,760
IV306,4040
IV308,1465
IV316,1915
IV327,1245
IV361,1325
IV362,2405
IV363,675
IV408,900
IV418,0
IV428,950
IV438,0
IV448,400
IV458,0
IV468,0
IV478,250
IV488,150
IV499,0
IV519,2550
IV528,0
IV538,200
IV548,600
IV558,375
IV568,0
IV636,800
IV637,500
KA11,5990
KA12,1960
KA13,4480
KA14,860
KA15,1190
KA20,6260
KA29,815
KA31,2345
KA32,1335
KA33,265
KA34,225
KA35,1300
KA36,3685
KA37,1585
KA48,745
KA55,1150
KA56,595
KA65,1515
KA66,4005
KA67,1650
KA71,2375
KA72,5685
KA73,3475
KA74,1980
KA80,2190
KA88,3025
KA89,3920
KA91,1985
KA92,7240
KA106,2835
KA107,525
KA111,460
KA112,230
KA113,75
KA114,2430
KA115,4000
KA120,1325
KA128,7585
KA129,325
KA136,1775
KA137,1050
KA143,800
KA151,1120
KA152,690
KA169,740
KA170,700
KA181,2525
KA182,1480
KA183,710
KA184,550
KA197,645
KA198,1065
KA203,3035
KA204,145
KA215,3145
KA216,805
KA227,530
KA228,1290
KA239,750
KA244,760
KA245,1505
KA256,145
KA257,820
KA260,510
KA269,2975
KA278,2000
KA280,375
KA290,1225
KA308,1600
KA309,930
KT11,13000
KT12,4500
KT13,5195
KT14,1650
KT25,4325
KT26,1900
KT27,7325
KT33,15200
KT34,950
KT35,2425
KT36,3950
KT47,2600
KT48,3650
KT58,2425
KT59,675
KT64,4550
KT65,2475
KT66,1600
KT67,2400
KT70,4350
KT80,900
KT81,550
KT82,1950
KT89,3450
KT91,7150
KT92,5025
KT100,1850
KT108,3400
KT109,4475
KT111,5150
KT112,2900
KT113,600
KT121,2100
KT122,3775
KT123,1800
KT124,3400
KT125,700
KT130,11000
KT138,5250
KT139,2500
KT146,3700
KT147,3025
KT151,1575
KT152,5050
KT153,2150
KT160,9400
KT168,5200
KT169,2600
KT171,3250
KT172,2250
KT173,2700
KT174,2350
KT185,8425
KT186,850
KT187,4300
KT190,1750
KT197,0
KT198,2625
KT199,3370
KT205,2400
KT206,2950
KT207,2950
KT211,1075
KT212,3450
KT220,4350
KT227,10250
KT228,3500
KT229,1325
KT233,1100
KT234,1425
KT245,1825
KT246,1550
KW14,1885
KW15,2050
KW26,0
KW36,125
KW56,0
KW66,175
KW76,0
KW86,0
KW96,375
KW106,1050
KW116,450
KW126,400
KW136,100
KW147,5025
KW148,790
KW151,6730
KW163,1750
KW172,2500
KY11,4915
KY12,6830
KY13,4730
KY14,650
KY25,2935
KY26,3085
KY30,850
KY39,900
KY40,990
KY48,1925
KY49,1140
KY50,990
KY58,1165
KY59,945
KY61,790
KY62,7480
KY63,900
KY74,5635
KY75,8525
KY76,1910
KY81,775
KY82,280
KY83,1625
KY84,2005
KY85,3820
KY86,275
KY91,500
KY102,450
KY103,1320
KY111,1965
KY112,6870
KY113,1250
KY114,2905
KY117,250
KY118,14840
KY119,5540
KY120,3270
KY127,5830
KY128,1630
KY129,1340
KY130,1025
KY138,1425
KY139,450
KY146,575
KY147,595
KY154,3380
KY155,2610
KY157,2035
KY160,880
KY168,2370
KY169,8475
L10,0
L11,13000
L12,0
L13,0
L14,3000
L15,2250
L16,0
L17,0
L18,2250
L19,13000
L20,29000
L21,0
L22,3000
L23,0
L24,0
L25,0
L26,0
L27,0
L28,0
L29,0
L30,2500
L31,11000
L32,0
L33,2000
L34,23000
L35,0
L36,800
L37,1500
L38,1250
L39,0
L40,4225
L41,75
L42,675
L43,850
L44,700
L45,2080
L46,525
L47,100
L48,700
L49,655
L50,250
L51,125
L52,0
L53,0
L54,1050
L55,1250
L56,75
L57,0
L58,0
L59,400
L60,315
L61,400
L62,150
L63,125
L64,1100
L65,1550
L66,100
L67,300
L68,150
L69,250
L70,0
L71,500
L72,850
L73,450
L74,0
L75,0
L76,1050
L77,200
L78,8800
L79,5500
L80,600
L81,350
L82,800
L83,600
L84,1490
L85,650
L86,350
L87,3545
L88,140
L89,270
L90,225
L91,1350
L92,650
L93,850
L94,75
L95,3500
L96,620
L97,11500
L98,1600
L99,1150
L100,0
L101,725
L102,75
L103,125
L104,75
L105,450
L106,0
L107,5
L108,345
L109,0
L110,1500
L111,600
L112,410
L113,240
L114,500
L115,225
L116,20
L117,125
L118,0
L119,900
L120,745
L121,450
L122,0
L123,1000
L124,300
L125,300
L126,45
L127,1075
L128,0
L129,1025
L130,25
L131,900
L132,1900
L133,1500
L134,250
L135,675
L136,400
L137,1100
L138,245
L139,600
L140,300
L141,4200
L142,100
L143,3575
L144,100
L145,0
L146,345
L147,700
L148,650
L149,175
L150,700
L151,100
L152,175
L153,500
L154,1100
L155,600
L156,1000
L157,225
L158,900
L159,0
L160,1250
L161,125
L162,275
L163,275
L164,350
L165,150
L166,125
L167,200
L168,0
L169,0
L170,100
L171,950
L172,150
L173,75
L174,1050
L175,450
L176,1100
L177,625
L178,400
L179,125
L180,400
L181,1240
L182,225
L183,650
L184,325
L185,950
L186,600
L187,850
L188,750
L189,475
L190,800
L191,225
L192,900
L193,0
L194,150
L195,350
L196,0
L197,75
L198,525
L199,275
L200,10
L201,8000
L202,1290
L203,2500
L204,1750
L205,400
L206,1375
L207,0
L208,5400
L209,425
L210,205
L211,1500
L212,300
L213,350
L214,300
L215,100
L216,300
L217,525
L218,650
L219,650
L220,1250
L221,0
L222,225
L223,700
L224,250
L225,800
L226,100
L227,0
L228,450
L229,200
L230,1205
L231,400
L232,525
L233,500
L234,225
L235,800
L236,400
L237,225
L238,1100
L239,925
L240,100
L241,0
L242,875
L243,4045
L244,0
L245,175
L246,175
L247,30
L248,15000
L249,7000
L250,7325
L251,100
L252,1485
L253,50
L254,525
L255,375
L256,700
L257,650
L258,475
L259,320
L260,325
L261,400
L262,0
L263,0
L264,0
L265,100
L266,0
L267,225
L268,0
L269,900
L270,0
L271,900
L272,0
L273,0
L274,0
L275,15
L276,100
L277,0
L278,200
L280,0
L281,175
L283,75
L284,30
L285,0
L286,0
L287,175
L288,0
L291,0
L293,0
L295,0
L296,0
L297,1000
L298,0
L299,0
L300,165
L301,3300
L302,355
L303,125
L304,2500
L305,1000
L306,1250
L307,300
L308,700
L309,0
L310,600
L311,925
L312,175
L313,775
L314,275
L315,425
L316,150
L317,1200
L318,575
L319,1190
L320,230
L321,600
L322,35
L323,0
L324,50
L325,0
L326,125
L327,225
L328,2035
L329,475
L330,0
L331,315
L332,40
L333,8000
L334,100
L335,0
L336,0
L337,5750
L338,75
L339,20
L340,0
L341,1125
L342,350
L343,0
L344,1750
L345,2000
L346,350
L347,0
L348,4000
L349,0
L350,525
L351,1800
L352,1550
L353,1515
L354,875
L355,8325
L356,425
L357,225
L358,100
L359,0
L360,125
L361,3755
L362,450
L363,325
L364,450
L365,720
L366,3625
L367,175
L368,450
L369,2625
L370,500
L371,700
L372,500
L373,2000
L374,0
L375,0
L376,600
L377,175
L378,1150
L379,225
L380,0
L381,800
L383,150
L384,0
L385,0
L386,0
L387,0
L388,0
L389,0
L390,900
L391,2150
L392,150
L393,1425
L394,4575
L395,75
L396,1325
L397,225
L398,700
L399,0
L400,1250
L401,600
L402,900
L403,0
L404,1250
L405,450
L406,100
L407,1100
L408,2175
L409,700
L693,0
L697,0
LA11,13400
LA12,1010
LA13,4250
LA14,850
LA15,1650
LA20,1300
LA26,1450
LA27,1000
LA28,700
LA29,7400
LA31,650
LA32,2150
LA33,7200
LA44,2275
LA45,4600
LA46,1525
LA50,1250
LA58,500
LA59,3175
LA61,1450
LA62,3900
LA63,900
LA77,2000
LA80,0
LA88,1600
LA89,1700
LA94,0
LA95,6475
LA96,6750
LA97,4250
LA105,1400
LA116,2925
LA117,1550
LA120,2875
LA127,1400
LA128,1250
LA129,3000
LA130,1925
LA139,1090
LA141,4000
LA142,14000
LA143,990
LA144,5100
LA145,1595
LA158,1650
LA167,425
LA177,350
LA184,1625
LA185,400
LA195,450
LA206,625
LA218,800
LA220,0
LA229,4500
LA231,2000
LA232,1000
LA233,2250
LD15,3925
LD16,2275
LD23,2625
LD30,1250
LD37,2400
LD38,1900
LD39,1550
LD44,0
LD54,400
LD65,1025
LD71,1250
LD82,975
LE11,3500
LE12,800
LE13,19000
LE14,0
LE15,4000
LE16,6000
LE17,14000
LE19,0
LE20,1150
LE21,1900
LE22,2500
LE23,2450
LE24,1450
LE25,3625
LE26,3425
LE27,20850
LE28,3000
LE29,1980
LE30,2150
LE31,7425
LE32,3350
LE33,1925
LE35,1200
LE36,1150
LE38,7365
LE39,2545
LE40,4675
LE41,11575
LE42,2375
LE43,300
LE44,2125
LE45,9850
LE46,4700
LE47,2640
LE48,5200
LE49,7225
LE50,4250
LE51,2075
LE52,840
LE53,3450
LE54,8450
LE55,3250
LE56,1575
LE60,2555
LE71,3000
LE72,1075
LE73,1400
LE74,3450
LE77,2475
LE79,1950
LE80,2600
LE84,2475
LE85,950
LE86,3725
LE88,1450
LE89,925
LE91,550
LE92,3425
LE93,325
LE94,1350
LE96,2225
LE97,5650
LE98,1650
LE99,925
LE100,5650
LE101,6075
LE102,1900
LE103,12100
LE111,6700
LE112,5400
LE113,10450
LE114,2330
LE115,7750
LE125,3325
LE126,2650
LE127,3650
LE128,4075
LE129,5650
LE130,4755
LE131,5650
LE142,4100
LE143,3275
LE144,2350
LE156,3675
LE157,4400
LE158,3125
LE159,2300
LE167,7600
LE168,2825
LE169,5575
LE174,7175
LE175,8800
LE176,1000
LE181,1725
LE182,4640
LE183,975
LE184,5150
LE190,2000
LE191,9000
LE192,8850
LE193,175
LE194,16275
LE651,8475
LE652,2425
LE671,9250
LE672,1275
LE673,9000
LE674,1100
LE675,1370
LE676,1200
LE678,1175
LE679,2100
LL111,0
LL112,7825
LL113,3550
LL114,2025
LL115,1075
LL116,650
LL120,3925
LL127,1505
LL128,2075
LL129,1050
LL130,1550
LL137,9850
LL138,3495
LL139,12125
LL141,675
LL142,1175
LL143,800
LL144,2350
LL145,3425
LL146,700
LL151,3300
LL152,1750
LL163,1270
LL164,1975
LL165,2400
LL170,3800
LL181,3525
LL182,3250
LL183,1950
LL184,1080
LL185,11750
LL186,500
LL197,1255
LL198,1610
LL199,1375
LL207,1050
LL208,1200
LL210,1250
LL219,700
LL227,2235
LL228,1400
LL229,1100
LL237,1650
LL240,1300
LL250,0
LL260,1900
LL270,300
LL284,2125
LL285,2200
LL296,225
LL297,1050
LL298,6475
LL299,475
LL301,4875
LL302,5550
LL303,1025
LL319,5000
LL328,5675
LL330,1200
LL346,500
LL350,0
LL360,0
LL369,1800
LL372,350
LL382,0
LL391,0
LL401,1850
LL402,450
LL413,1250
LL414,625
LL421,850
LL432,400
LL442,0
LL452,225
LL462,0
LL476,350
LL486,1150
LL499,2300
LL519,250
LL520,700
LL535,2350
LL536,2850
LL537,1200
LL538,600
LL545,4050
LL546,875
LL547,875
LL551,3000
LL552,1300
LL553,750
LL554,2250
LL564,800
LL571,3400
LL572,9000
LL573,2200
LL574,5600
LL588,950
LL595,1400
LL606,1250
LL615,750
LL616,1550
LL625,225
LL635,350
LL645,0
LL651,1725
LL652,2850
LL653,1800
LL654,950
LL660,0
LL669,0
LL670,800
LL680,300
LL689,1000
LL699,0
LL709,300
LL717,250
LL718,0
LL728,0
LL738,0
LL748,800
LL757,0
LL758,225
LL768,0
LL777,5000
LL778,0
LL787,0
LL788,0
LN11,8100
LN12,3625
LN13,1415
LN21,2200
LN22,3000
LN23,600
LN24,7875
LN25,3925
LN34,5450
LN35,1350
LN41,975
LN42,3175
LN43,1700
LN44,4875
LN50,1450
LN57,225
LN58,9750
LN59,3225
LN60,1995
LN63,8735
LN64,0
LN65,600
LN67,11895
LN68,1150
LN69,6525
LN76,1700
LN82,800
LN83,2700
LN85,1150
LN86,900
LN95,850
LN96,2950
LN105,700
LN106,1550
LN110,5185
LN117,2200
LN118,775
LN119,2850
LN121,700
LN122,2350
LN130,1100
LN139,1175
LS12,0
LS13,24000
LS14,5000
LS15,0
LS16,0
LS17,0
LS18,0
LS23,0
LS27,0
LS28,53000
LS29,11500
LS31,8000
LS42,4360
LS52,0
LS53,800
LS61,1190
LS62,3650
LS63,3350
LS64,975
LS71,3100
LS72,1470
LS73,3225
LS74,3225
LS81,2325
LS82,2900
LS83,1550
LS84,975
LS85,950
LS90,6750
LS96,1675
LS97,14300
LS98,9350
LS99,825
LS101,12875
LS102,13000
LS103,2000
LS104,2575
LS110,8250
LS115,34175
LS116,7575
LS117,2995
LS118,2750
LS119,10000
LS121,9150
LS122,8050
LS123,2700
LS124,9465
LS125,1750
LS126,3000
LS131,1200
LS132,1200
LS133,3975
LS134,2250
LS141,6000
LS142,2700
LS143,1200
LS145,750
LS146,5750
LS150,1585
LS154,1050
LS155,0
LS157,1450
LS158,2750
LS159,8700
LS165,3600
LS166,4635
LS167,1500
LS168,875
LS169,225
LS170,0
LS175,1725
LS176,3150
LS177,950
LS178,1925
LS179,1425
LS184,2925
LS185,10425
LS196,3250
LS197,3820
LS208,3300
LS209,925
LS211,3250
LS212,750
LS213,1200
LS224,525
LS225,9225
LS226,450
LS227,225
LS236,2450
LS237,4500
LS248,900
LS249,5800
LS251,1900
LS252,2600
LS253,1250
LS254,450
LS255,500
LS256,8350
LS257,1075
LS260,2825
LS268,8150
LS269,420
LS270,6700
LS277,11975
LS278,4050
LS279,4400
LS285,4725
LS286,4250
LS287,2225
LS288,3275
LS289,1300
LS290,1350
LS296,1225
LS297,1250
LS298,6800
LS299,475
LU11,3975
LU12,14000
LU13,18975
LU14,1400
LU15,900
LU20,3600
LU27,3925
LU28,5885
LU29,10955
LU31,3940
LU32,3500
LU33,5205
LU34,1450
LU40,8695
LU48,6350
LU49,4850
LU54,10475
LU55,7950
LU56,2600
LU61,5375
LU62,2000
LU63,3525
LU70,2075
LU71,5000
LU72,1500
LU73,1730
LU74,6490
LU79,7900
M11,0
M12,14000
M13,21000
M14,25000
M15,0
M16,10000
M17,2550
M21,0
M22,0
M23,19000
M24,0
M25,0
M26,0
M27,0
M31,0
M32,0
M33,0
M34,19850
M35,2250
M36,4575
M37,4300
M41,4500
M42,0
M43,55000
M44,6500
M45,5000
M46,0
M47,1225
M53,8100
M54,6550
M55,9040
M65,1625
M66,5250
M67,4000
M68,975
M71,1250
M72,600
M73,425
M74,5075
M80,6075
M84,390
M85,6750
M88,8500
M89,700
M90,1025
M94,2375
M95,3650
M96,1175
M97,475
M98,2150
M111,5700
M112,3000
M113,700
M114,2775
M124,2500
M125,5925
M126,5000
M130,2800
M139,17000
M144,750
M145,3195
M146,2815
M147,2650
M154,6400
M155,3550
M156,5500
M160,6675
M167,1300
M168,1800
M169,6625
M171,17250
M178,0
M187,1625
M188,4245
M191,1125
M192,2850
M193,1495
M201,1830
M202,8550
M203,4200
M204,735
M205,1725
M206,2025
M210,775
M217,1775
M218,2075
M219,3275
M220,315
M221,3150
M224,7750
M225,8700
M228,310
M229,2350
M230,2175
M231,10425
M232,500
M239,3360
M241,5260
M242,5660
M244,3250
M245,725
M246,5270
M250,3350
M251,2175
M252,725
M253,2500
M259,1800
M261,3975
M262,1675
M263,1340
M264,1450
M270,1075
M274,1900
M275,4050
M276,2750
M278,3750
M279,1125
M280,870
M281,2525
M282,4350
M283,5200
M287,1425
M297,3350
M298,1320
M300,4850
M307,2875
M308,1155
M309,3800
M314,2700
M320,13425
M328,5175
M329,540
M332,2215
M333,2550
M334,1275
M335,1875
M336,6300
M337,4100
M342,1840
M343,6200
M345,3030
M346,795
M347,745
M350,2370
M359,3075
M380,1150
M389,1550
M400,1000
M401,800
M402,1750
M403,325
M405,505
M407,550
M408,5775
M409,350
M410,2000
M415,4450
M416,500
M417,29425
M418,780
M419,1700
M436,925
M437,2375
M445,4325
M446,3075
M456,595
M457,3250
M458,1820
M460,3450
M469,2440
M501,7000
M502,5500
M503,16500
M901,0
M902,0
M903,0
M904,0
M905,24000
ME11,2575
ME12,4625
ME13,2725
ME21,1075
ME22,6150
ME23,2425
ME24,10850
ME30,1000
ME37,1800
ME38,1720
ME39,2375
ME43,225
ME44,17000
ME45,1075
ME46,2275
ME50,1550
ME57,2400
ME58,3470
ME59,2800
ME65,2825
ME71,2150
ME72,2800
ME73,2750
ME74,2350
ME75,6595
ME80,7750
ME86,1745
ME87,1875
ME88,1005
ME89,1690
ME90,0
ME97,900
ME98,6100
ME99,1475
ME101,2075
ME102,6375
ME103,6875
ME104,5150
ME105,0
ME115,900
ME121,4225
ME122,995
ME123,1925
ME124,2400
ME130,1100
ME137,4895
ME138,1975
ME139,1525
ME141,11000
ME142,4625
ME143,4250
ME144,1250
ME145,3950
ME150,3150
ME156,5950
ME157,2810
ME158,785
ME159,6175
ME160,5825
ME168,2750
ME169,6125
ME171,3750
ME172,2400
ME173,1600
ME174,1625
ME185,900
ME186,1050
ME194,9075
ME195,2850
ME196,2610
ME206,6070
ME207,9950
MK11,13500
MK22,1650
MK23,3635
MK35,1400
MK36,2300
MK37,1925
MK41,575
MK42,525
MK43,1750
MK44,425
MK56,5825
MK57,2625
MK58,6225
MK61,4000
MK62,800
MK63,1125
MK64,6050
MK65,2400
MK76,10900
MK77,700
MK78,6725
MK80,1100
MK88,5250
MK89,450
MK91,29000
MK92,0
MK93,10000
MK94,0
MK100,7500
MK107,800
MK109,1425
MK111,2200
MK112,75
MK113,0
MK125,7950
MK126,1700
MK130,1390
MK137,575
MK138,1675
MK139,200
MK145,1620
MK146,6600
MK147,400
MK150,4900
MK158,6150
MK159,975
MK160,1295
MK168,415
MK169,4550
MK170,1425
MK178,6250
MK179,2800
MK181,5025
MK182,700
MK183,1700
MK184,1700
MK185,1500
MK186,200
MK187,325
MK196,1325
MK197,4425
MK401,5000
MK402,4850
MK403,6200
MK404,2125
MK410,5375
MK416,1050
MK417,6235
MK418,955
MK419,2175
MK420,4100
MK426,0
MK427,3325
MK428,2200
MK429,9120
MK430,7650
MK437,1525
MK438,1225
MK439,6475
MK441,2175
MK442,2400
MK443,8400
MK451,2325
MK452,7050
MK453,2650
MK454,4175
MK455,2450
MK464,1050
MK465,1950
ML11,5605
ML12,4125
ML13,4155
ML14,9185
ML15,6495
ML20,2845
ML27,4210
ML28,2770
ML29,1240
ML30,10420
ML36,6625
ML37,3090
ML38,1085
ML39,2190
ML41,1875
ML42,920
ML43,15940
ML51,2055
ML52,2825
ML53,5205
ML54,6230
ML55,1095
ML60,3190
ML66,1235
ML67,3030
ML68,2130
ML69,4850
ML74,605
ML75,1835
ML84,1980
ML85,2095
ML91,1005
ML92,2865
ML93,1075
ML106,2430
ML110,1760
ML117,1925
ML118,3710
ML119,4195
ML126,2250
N10,12450
N11,3275
N12,2250
N13,2475
N14,1175
N15,3200
N16,3450
N17,18075
N18,9250
N19,16200
N20,1900
N28,1075
N29,3525
N31,4875
N32,3850
N33,5550
N41,2925
N42,2825
N43,4075
N44,800
N51,6475
N52,1600
N64,2100
N65,1725
N66,1250
N70,1575
N76,3900
N77,3800
N78,6050
N79,7575
N80,3325
N87,1490
N88,1425
N89,4300
N90,4940
N97,1750
N98,1150
N99,3420
N101,2775
N102,850
N103,3775
N111,4150
N112,2600
N113,1775
N120,2800
N127,575
N128,7050
N129,2400
N134,3175
N135,3450
N136,1125
N144,2225
N145,575
N146,5125
N147,975
N153,1950
N154,5900
N155,1175
N156,2050
N160,900
N165,3900
N166,6625
N167,2350
N168,3075
N169,2050
N170,5500
N176,3620
N177,900
N178,1045
N179,5325
N181,6200
N182,2075
N183,5000
N193,1600
N194,2825
N195,6500
N1C4,16000
N200,4300
N208,850
N209,1950
N211,2150
N212,1200
N213,2800
N225,2075
N226,5045
N227,5675
N228,725
NE11,20000
NE12,4000
NE13,17000
NE14,0
NE15,0
NE16,0
NE17,0
NE18,0
NE21,4400
NE22,1400
NE23,925
NE24,36000
NE31,14800
NE32,2685
NE33,5250
NE34,3075
NE35,2275
NE45,1975
NE46,4900
NE47,6500
NE48,1525
NE49,2825
NE51,1450
NE52,2680
NE53,1680
NE54,875
NE55,380
NE61,4000
NE62,5100
NE63,2455
NE64,2200
NE65,2650
NE77,11575
NE81,5200
NE82,825
NE83,8410
NE84,1200
NE95,1375
NE96,6535
NE97,2660
NE100,5150
NE108,2730
NE109,600
NE110,26175
NE119,18650
NE125,50
NE126,2780
NE127,1025
NE128,16575
NE129,4000
NE136,2750
NE137,325
NE138,4000
NE139,3000
NE150,400
NE156,3300
NE157,1130
NE158,7265
NE159,970
NE163,100
NE164,1300
NE165,1065
NE166,500
NE177,1135
NE180,700
NE191,0
NE192,900
NE200,1225
NE209,2625
NE214,2125
NE215,3090
NE216,690
NE225,800
NE226,925
NE227,2150
NE231,450
NE232,210
NE233,915
NE236,7225
NE237,3475
NE238,7250
NE241,1575
NE242,950
NE243,2165
NE244,1125
NE245,3420
NE250,1850
NE258,1750
NE259,4335
NE261,425
NE262,1550
NE263,1050
NE264,775
NE270,20100
NE280,875
NE286,1800
NE287,2245
NE288,1100
NE289,2405
NE290,425
NE296,6075
NE297,9110
NE298,775
NE299,500
NE301,1000
NE302,1200
NE303,525
NE304,1050
NE311,2975
NE312,1415
NE323,6000
NE324,420
NE325,1200
NE331,4000
NE332,2225
NE333,1455
NE334,2400
NE335,1700
NE340,2670
NE346,1275
NE347,785
NE348,755
NE349,2980
NE359,1375
NE360,7900
NE371,3175
NE372,1995
NE373,1225
NE380,1325
NE387,4175
NE388,7385
NE389,2100
NE391,1050
NE392,250
NE403,975
NE404,775
NE418,400
NE425,1400
NE426,1925
NE437,1525
NE446,0
NE455,2700
NE461,3700
NE462,1275
NE463,100
NE464,2050
NE470,400
NE475,300
NE476,450
NE477,0
NE478,0
NE479,475
NE481,700
NE482,0
NE483,250
NE484,225
NE490,175
NE499,1025
NE611,2850
NE612,2920
NE613,2275
NE614,1050
NE615,1800
NE616,2675
NE625,1475
NE630,2600
NE638,1890
NE639,5225
NE646,1225
NE650,1475
NE657,550
NE658,400
NE659,800
NE661,1300
NE662,4025
NE663,2250
NE664,400
NE665,0
NE675,350
NE687,600
NE697,0
NE707,800
NE716,600
NG11,6250
NG12,11000
NG13,7000
NG14,1800
NG15,0
NG16,8000
NG17,0
NG21,23000
NG22,2425
NG23,11000
NG24,5375
NG25,1725
NG26,5800
NG27,9175
NG31,7900
NG32,1475
NG33,1355
NG34,700
NG35,1600
NG36,1415
NG37,350
NG41,1425
NG42,7975
NG43,2625
NG44,1450
NG51,5275
NG52,1825
NG53,8700
NG54,3000
NG55,1325
NG56,4350
NG57,3075
NG58,1550
NG59,2025
NG60,2750
NG67,930
NG68,7120
NG69,2045
NG71,2175
NG72,37950
NG73,1575
NG74,7800
NG75,2425
NG76,1300
NG77,3300
NG81,3250
NG82,2275
NG83,2195
NG84,5175
NG85,2385
NG86,3510
NG91,7175
NG92,3950
NG93,2025
NG94,650
NG95,1750
NG96,5125
NG97,805
NG98,2520
NG101,6075
NG102,1550
NG103,1850
NG104,3825
NG105,4275
NG110,2200
NG116,4950
NG117,1250
NG118,2135
NG119,750
NG121,175
NG122,1975
NG123,1810
NG124,2250
NG125,2540
NG130,1300
NG138,4025
NG139,2350
NG145,700
NG146,3025
NG147,1450
NG150,8225
NG156,3920
NG157,4150
NG158,2225
NG159,675
NG161,3775
NG162,5275
NG163,4465
NG164,2500
NG165,1375
NG166,6200
NG171,4025
NG172,8425
NG173,1545
NG174,8705
NG175,6500
NG176,0
NG177,2800
NG178,1490
NG179,425
NG181,0
NG182,3475
NG183,2700
NG184,4340
NG185,15225
NG190,1500
NG196,1520
NG197,7235
NG198,1100
NG199,2845
NG200,1550
NG208,3925
NG209,1450
NG210,2425
NG219,2800
NG220,1700
NG228,4650
NG229,6725
NG235,2250
NG236,3300
NG237,750
NG241,8900
NG242,11025
NG243,2450
NG244,1615
NG250,3325
NG316,500
NG317,9155
NG318,8860
NG319,4700
NG321,1500
NG322,4150
NG323,1100
NG334,1175
NG335,1900
NG340,600
NG347,5925
NG348,4150
NG349,2825
NN11,21000
NN12,900
NN13,3850
NN14,3100
NN15,16700
NN26,4775
NN27,2875
NN28,3350
NN32,1470
NN33,1825
NN35,2050
NN36,14025
NN37,2100
NN38,4085
NN39,4465
NN40,3950
NN45,4150
NN46,1575
NN47,22000
NN48,5900
NN49,7025
NN54,1600
NN55,5075
NN56,1920
NN57,7090
NN60,4045
NN66,600
NN67,8300
NN68,2250
NN69,3525
NN71,750
NN72,2600
NN73,2800
NN74,4250
NN81,2800
NN82,5185
NN83,1295
NN84,10575
NN85,675
NN86,6000
NN95,3200
NN96,2975
NN100,3050
NN106,6550
NN108,1825
NN109,2010
NN110,875
NN112,100
NN113,1900
NN114,5425
NN116,900
NN117,450
NN118,6250
NN119,2070
NN126,3500
NN127,2850
NN128,6550
NN135,2950
NN136,2275
NN137,4545
NN141,4100
NN142,2400
NN143,4050
NN144,4875
NN146,1200
NN155,4475
NN156,8775
NN157,2750
NN160,1825
NN168,18400
NN169,2820
NN171,3725
NN172,1650
NN173,1900
NN174,7000
NN175,6000
NN180,935
NN188,8935
NN189,3270
NN297,5075
NP40,2150
NP45,3775
NP46,1450
NP47,735
NP48,5025
NP49,1775
NP70,875
NP75,2100
NP76,700
NP77,4750
NP78,950
NP79,2650
NP81,2150
NP100,150
NP108,16710
NP109,2550
NP113,2750
NP114,0
NP115,1700
NP116,2240
NP117,3100
NP120,825
NP121,3400
NP122,3140
NP123,725
NP124,1500
NP131,1550
NP132,1350
NP133,920
NP151,3300
NP152,1400
NP165,4450
NP166,3225
NP167,1100
NP181,2500
NP182,9150
NP183,1425
NP190,2325
NP194,3870
NP197,1905
NP198,1550
NP199,1300
NP201,4000
NP202,6150
NP203,2100
NP204,17000
NP205,2250
NP206,2710
NP207,660
NP223,1675
NP224,2300
NP225,1635
NP234,2105
NP235,3745
NP236,4900
NP237,225
NP238,400
NP246,550
NP253,2850
NP254,1000
NP255,2050
NP263,5580
NP264,1125
NP265,3000
NP441,2125
NP442,1425
NP443,14250
NP444,730
NP445,315
NP446,300
NP447,660
NP448,1725
NR11,5750
NR12,9285
NR13,1800
NR14,11665
NR21,15000
NR22,1925
NR23,3550
NR24,2750
NR31,2375
NR32,3180
NR33,9050
NR34,1125
NR46,2925
NR47,9425
NR50,975
NR58,1145
NR59,2710
NR65,5925
NR66,12325
NR67,1050
NR70,4965
NR78,10250
NR79,1050
NR85,2975
NR86,3680
NR93,14230
NR94,1975
NR95,2800
NR103,1725
NR104,1225
NR105,1450
NR116,2925
NR117,450
NR118,1650
NR120,1250
NR127,1150
NR128,2525
NR129,1250
NR133,1775
NR134,1775
NR135,4300
NR136,3450
NR146,2200
NR147,1950
NR148,4075
NR151,1250
NR152,2750
NR161,1325
NR162,3200
NR171,4900
NR172,2450
NR180,5695
NR189,2950
NR191,3120
NR192,1770
NR203,4925
NR204,1050
NR205,850
NR210,1700
NR217,450
NR218,3850
NR219,0
NR226,700
NR231,1400
NR242,1350
NR256,1950
NR257,1700
NR268,2725
NR270,1585
NR279,2600
NR280,3775
NR289,1680
NR293,1700
NR294,1525
NR295,650
NR301,5150
NR302,2050
NR303,3500
NR304,1600
NR305,1750
NR310,7000
NR316,3000
NR317,5650
NR318,1000
NR319,3930
NR321,5250
NR322,4000
NR323,1875
NR324,2765
NR325,1200
NR330,3900
NR337,800
NR338,3825
NR339,1175
NR340,600
NR347,1725
NR348,1000
NR349,4425
NR351,3525
NR352,800
NW10,8650
NW11,7950
NW12,14800
NW13,500
NW14,32000
NW15,2000
NW16,10000
NW17,12400
NW18,4750
NW19,3800
NW21,3300
NW22,1350
NW23,950
NW24,750
NW25,1870
NW26,6150
NW27,4475
NW31,2500
NW32,10975
NW33,1250
NW34,2550
NW35,4850
NW36,2725
NW37,2200
NW41,2750
NW42,2450
NW43,7600
NW44,4250
NW51,6975
NW52,2050
NW53,4100
NW54,1385
NW61,3100
NW62,3275
NW63,1225
NW64,3250
NW65,2875
NW66,4650
NW67,2350
NW71,1500
NW72,1500
NW73,2100
NW74,2800
NW80,950
NW86,3950
NW87,3200
NW88,2450
NW89,2925
NW90,4725
NW95,6225
NW96,3975
NW97,2000
NW98,1975
NW99,3600
NW100,7075
NW101,625
NW102,3600
NW103,1725
NW104,2075
NW105,900
NW106,11000
NW107,22500
NW108,1275
NW109,2075
NW110,3450
NW116,1050
NW117,900
NW118,4500
NW119,1950
OL11,0
OL12,9000
OL13,3250
OL14,2925
OL25,3025
OL26,3875
OL27,1230
OL28,6550
OL35,2175
OL36,225
OL37,1100
OL41,6625
OL42,675
OL43,1925
OL44,875
OL45,1425
OL50,1350
OL59,500
OL66,1300
OL67,7000
OL68,1035
OL69,6750
OL70,8350
OL79,1120
OL81,8125
OL82,2025
OL83,4425
OL84,1810
OL90,2475
OL96,2450
OL97,675
OL98,3410
OL99,5650
OL101,975
OL102,2875
OL103,3970
OL104,3025
OL111,6400
OL112,2350
OL113,2900
OL114,2975
OL115,3450
OL120,4750
OL126,1625
OL127,1325
OL128,1325
OL129,1950
OL130,1275
OL138,1275
OL139,825
OL145,1000
OL146,1675
OL147,850
OL148,375
OL150,650
OL158,1100
OL159,1640
OL161,4500
OL162,3245
OL163,2280
OL164,7545
OL165,1550
OX11,6900
OX12,0
OX13,33000
OX14,950
OX15,1350
OX20,4000
OX26,8100
OX27,4000
OX28,6650
OX29,2375
OX30,2525
OX37,9795
OX38,1875
OX39,12090
OX41,4805
OX42,17800
OX43,1600
OX44,11870
OX46,2775
OX47,495
OX51,7680
OX52,2575
OX53,0
OX73,2025
OX74,1500
OX75,4625
OX76,1650
OX77,300
OX92,2400
OX93,7800
OX97,700
OX100,1300
OX106,3910
OX107,1650
OX108,2250
OX109,2625
OX110,5225
OX116,8000
OX117,8400
OX118,1275
OX119,1300
OX120,350
OX127,2000
OX128,3050
OX129,5000
OX135,3350
OX136,2450
OX141,6750
OX142,1625
OX143,6025
OX144,3900
OX145,2325
OX150,850
OX154,2600
OX155,1250
OX156,950
OX160,2685
OX161,4325
OX162,3250
OX163,4575
OX164,4975
OX165,6000
OX169,4275
OX171,1225
OX172,2100
OX173,2900
OX181,650
OX182,1400
OX183,1925
OX184,4000
OX201,3200
OX251,1250
OX252,350
OX253,1000
OX254,0
OX255,1100
OX256,0
OX261,1250
OX262,1450
OX263,750
OX264,6950
OX265,700
OX266,9425
OX270,225
OX277,1900
OX278,875
OX279,0
OX281,1025
OX282,450
OX283,550
OX284,5900
OX285,520
OX286,2250
OX290,400
OX294,1550
OX295,1000
OX296,2550
OX297,4500
OX298,1875
OX299,1150
OX331,2200
OX394,1200
OX447,2275
OX449,3700
OX495,1200
PA11,8120
PA12,6225
PA13,1275
PA20,805
PA26,4100
PA27,1515
PA28,1155
PA29,815
PA31,2465
PA32,8125
PA33,3055
PA34,4380
PA40,1755
PA48,5820
PA49,1000
PA50,495
PA58,2945
PA59,1010
PA67,1225
PA75,10605
PA86,190
PA87,1150
PA91,1625
PA102,565
PA113,1630
PA124,480
PA134,970
PA145,3015
PA146,925
PA151,9200
PA152,2020
PA153,245
PA154,2930
PA160,2430
PA167,845
PA168,2200
PA169,740
PA175,200
PA186,250
PA191,2500
PA200,1440
PA209,845
PA212,400
PA223,100
PA237,1205
PA238,2875
PA248,0
PA258,0
PA268,500
PA278,0
PA286,2865
PA296,900
PA308,215
PA318,3125
PA328,725
PA331,300
PA344,4555
PA345,1445
PA351,525
PA364,0
PA371,1190
PA384,200
PA417,0
PA427,750
PA437,600
PA447,350
PA457,0
PA467,0
PA477,0
PA487,0
PA497,0
PA607,0
PA617,175
PA626,0
PA636,0
PA646,0
PA656,0
PA666,0
PA676,300
PA686,0
PA696,0
PA706,500
PA716,0
PA726,0
PA736,0
PA746,0
PA756,700
PA766,0
PA776,400
PA786,0
PA805,0
PE11,4000
PE12,15200
PE13,3950
PE14,2400
PE15,16100
PE25,6295
PE26,12500
PE27,2250
PE28,3675
PE29,8375
PE36,5725
PE37,6630
PE38,3750
PE39,7190
PE45,175
PE46,6500
PE47,1625
PE57,0
PE60,1850
PE67,2700
PE68,2475
PE69,2700
PE70,0
PE71,2950
PE72,2370
PE73,6500
PE78,4675
PE84,1675
PE85,3500
PE86,1200
PE91,2060
PE92,6475
PE93,1950
PE94,2125
PE100,5475
PE109,3425
PE111,3575
PE112,6325
PE113,9125
PE114,2250
PE120,1550
PE126,3775
PE127,1775
PE128,4550
PE129,1950
PE131,2250
PE132,1400
PE133,2725
PE134,3025
PE135,900
PE140,6650
PE147,1575
PE148,1350
PE149,600
PE150,6225
PE158,2300
PE159,1700
PE166,3195
PE191,4100
PE192,2175
PE195,2400
PE196,1625
PE197,975
PE198,4390
PE201,3000
PE202,1750
PE203,1200
PE210,1450
PE216,4000
PE217,5700
PE218,4850
PE219,6700
PE220,1075
PE227,750
PE228,750
PE229,1600
PE234,750
PE235,1700
PE244,3400
PE245,1350
PE251,925
PE252,5225
PE253,3075
PE261,850
PE262,1625
PE273,3100
PE274,6375
PE275,200
PE276,900
PE280,3650
PE282,2600
PE283,2050
PE284,10250
PE285,2225
PE289,1475
PE291,3550
PE292,2725
PE293,8800
PE296,2100
PE297,3750
PE301,4500
PE302,5075
PE303,1310
PE304,8125
PE305,4600
PE316,3575
PE317,1575
PE318,1500
PE321,2650
PE322,1000
PE330,2050
PE339,2300
PE343,5450
PE344,3050
PE356,0
PE365,2000
PE366,400
PE377,3200
PE378,1325
PE380,800
PE389,3065
PH11,4805
PH12,2325
PH13,8645
PH14,875
PH15,9125
PH20,1440
PH26,1535
PH27,2735
PH28,6500
PH29,1035
PH31,3225
PH41,450
PH52,200
PH62,725
PH73,1615
PH74,1375
PH80,1050
PH90,125
PH106,2675
PH107,925
PH118,575
PH128,225
PH139,1775
PH149,850
PH152,1800
PH165,1875
PH172,100
PH185,850
PH191,0
PH201,400
PH211,1175
PH221,2300
PH233,250
PH243,125
PH253,175
PH263,1700
PH304,125
PH314,225
PH324,0
PH336,3155
PH337,2235
PH344,0
PH354,175
PH364,250
PH374,0
PH384,1925
PH394,0
PH404,0
PH412,0
PH414,800
PH424,0
PH434,0
PH444,0
PH494,600
PH504,425
PL11,4000
PL12,6000
PL13,6250
PL14,6750
PL15,2325
PL21,3540
PL22,1105
PL23,3300
PL34,2625
PL35,1900
PL36,2000
PL40,7000
PL46,1825
PL47,2225
PL48,4275
PL49,4200
PL51,950
PL52,1725
PL53,2555
PL54,425
PL65,4555
PL66,965
PL67,5050
PL68,19505
PL71,5915
PL72,2670
PL74,2800
PL75,7050
PL81,400
PL82,800
PL90,425
PL97,1700
PL98,1150
PL99,1510
PL101,225
PL112,1775
PL113,850
PL124,1275
PL125,675
PL126,4625
PL131,1050
PL132,1700
PL143,2950
PL144,3075
PL145,450
PL146,1750
PL157,3500
PL158,1825
PL159,3550
PL160,1250
PL177,2850
PL178,675
PL189,700
PL190,2150
PL198,1100
PL199,2500
PL206,2050
PL207,525
PL210,705
PL219,6070
PL220,1400
PL231,1250
PL242,2850
PL253,3850
PL254,2710
PL255,4300
PL266,3000
PL267,1600
PL268,3050
PL276,2150
PL277,5300
PL288,2400
PL293,0
PL303,1125
PL304,2950
PL305,1940
PL311,1125
PL312,4625
PL329,800
PL339,250
PL340,500
PL350,500
PO11,12000
PO12,1550
PO13,9850
PO14,1245
PO15,1775
PO20,1600
PO27,2970
PO28,4000
PO29,1600
PO35,12200
PO36,1850
PO40,2300
PO48,5075
PO49,1675
PO51,1400
PO52,3000
PO53,1750
PO54,5275
PO61,7675
PO62,1800
PO63,19665
PO64,8325
PO74,800
PO75,1750
PO76,5050
PO77,5030
PO78,1500
PO80,3125
PO88,1525
PO89,1370
PO91,14300
PO92,5160
PO93,2475
PO94,1095
PO95,755
PO96,675
PO107,2275
PO108,1475
PO110,2300
PO119,2025
PO121,3925
PO122,2900
PO123,2550
PO124,3720
PO130,4690
PO138,625
PO139,1870
PO141,3375
PO142,3650
PO143,950
PO144,3400
PO155,11475
PO156,1000
PO157,19250
PO160,3300
PO167,2900
PO168,6500
PO169,2850
PO175,1900
PO176,4300
PO180,4750
PO188,2300
PO189,1700
PO191,12000
PO193,1625
PO195,350
PO196,8625
PO197,3000
PO198,1600
PO200,1425
PO201,3150
PO202,1000
PO203,1250
PO207,2950
PO208,1450
PO209,2200
PO211,5250
PO212,2760
PO213,2315
PO214,850
PO215,1325
PO220,1200
PO226,595
PO227,750
PO228,1200
PO229,4935
PO301,1300
PO302,2500
PO303,1550
PO304,1175
PO305,14900
PO317,1650
PO318,2850
PO326,2975
PO331,3775
PO332,3150
PO333,1075
PO334,1600
PO345,125
PO355,1400
PO360,950
PO368,2200
PO369,1375
PO376,1700
PO377,625
PO381,1350
PO382,550
PO383,475
PO390,575
PO409,1350
PO410,600
PR10,1875
PR11,12250
PR12,0
PR13,7300
PR14,2925
PR15,3450
PR16,4100
PR17,1500
PR18,8750
PR19,1565
PR21,2000
PR22,13975
PR23,2725
PR25,8050
PR26,1090
PR27,400
PR28,10325
PR29,6300
PR30,3850
PR31,2600
PR32,3750
PR33,1700
PR35,2150
PR36,1300
PR40,1150
PR41,7500
PR42,4775
PR43,3450
PR44,1400
PR45,2000
PR46,3475
PR50,1700
PR54,2740
PR55,1275
PR56,7250
PR58,5700
PR60,2550
PR67,3600
PR68,1800
PR69,2375
PR71,6500
PR72,5300
PR73,1350
PR74,3450
PR75,2175
PR76,5575
PR77,3000
PR81,6800
PR82,3150
PR83,1640
PR84,3275
PR85,1200
PR86,5710
PR90,3450
PR97,2650
PR98,1800
PR99,4205
PR251,3975
PR252,2750
PR253,1700
PR254,3025
PR255,650
PR266,14750
PR267,2300
PR268,1000
PR269,950
RG11,26000
RG12,14350
RG13,4500
RG14,225
RG15,8900
RG16,2100
RG17,2950
RG18,3000
RG20,25330
RG26,0
RG27,1600
RG28,800
RG29,2500
RG45,900
RG46,3850
RG47,1450
RG48,3325
RG49,2425
RG53,2775
RG54,3250
RG61,13200
RG63,300
RG64,1125
RG65,1625
RG66,1250
RG67,1400
RG71,7750
RG72,900
RG73,2550
RG74,14450
RG75,7000
RG76,1550
RG78,0
RG80,1750
RG87,1800
RG88,1950
RG89,1750
RG91,1775
RG92,3400
RG93,450
RG94,3400
RG95,600
RG96,1600
RG100,2700
RG108,900
RG109,9075
RG120,560
RG121,8000
RG122,2275
RG127,6065
RG128,8480
RG129,2965
RG141,4325
RG142,14600
RG143,0
RG145,10000
RG146,1850
RG147,1800
RG170,4350
RG177,1825
RG178,700
RG179,1025
RG180,600
RG183,850
RG184,675
RG189,1850
RG193,1365
RG194,1050
RG196,0
RG198,11000
RG200,1000
RG204,1250
RG205,250
RG206,1000
RG207,0
RG208,2950
RG209,1850
RG213,6875
RG214,0
RG215,1350
RG216,5000
RG217,16250
RG218,1000
RG224,5015
RG225,1270
RG226,3265
RG237,700
RG238,1600
RG247,750
RG248,15250
RG249,11005
RG252,2000
RG253,1925
RG263,1575
RG264,700
RG265,3350
RG270,3200
RG278,4000
RG279,8275
RG287,1750
RG291,2500
RG301,2850
RG302,2525
RG303,4065
RG304,2250
RG306,1370
RG314,2800
RG315,1550
RG316,1025
RG317,600
RG401,1450
RG402,3600
RG403,4550
RG404,2250
RG405,450
RG411,2000
RG412,8600
RG413,475
RG414,950
RG415,12625
RG421,9300
RG422,1200
RG423,775
RG424,8575
RG425,1750
RG426,1000
RG427,125
RG456,1050
RG457,1700
RH11,3500
RH12,5100
RH13,2225
RH14,5250
RH15,8725
RH16,4075
RH20,4550
RH27,1925
RH28,14050
RH29,225
RH37,1700
RH41,2000
RH42,395
RH43,7200
RH54,1775
RH55,2000
RH56,2900
RH60,30750
RH67,4575
RH68,950
RH69,4675
RH76,4700
RH80,4175
RH89,1575
RH98,2450
RH101,4050
RH103,3600
RH104,3350
RH105,9275
RH106,2750
RH107,3375
RH108,14750
RH109,21000
RH110,1440
RH116,160
RH117,5040
RH118,1935
RH119,1580
RH121,6650
RH122,4900
RH123,3600
RH124,5175
RH125,1325
RH130,3500
RH135,5550
RH136,2425
RH138,3850
RH139,2300
RH140,1600
RH149,2450
RH150,1425
RH158,1350
RH159,10725
RH161,3750
RH162,2250
RH163,5200
RH164,4300
RH175,2850
RH176,2750
RH177,2150
RH185,1750
RH191,3175
RH192,1050
RH193,6625
RH194,2275
RH201,2800
RH202,1800
RH203,775
RH204,2050
RM11,5000
RM12,950
RM13,8000
RM14,3125
RM25,1100
RM26,1200
RM30,6825
RM37,990
RM38,7245
RM39,1875
RM41,4000
RM52,875
RM53,695
RM64,2950
RM65,2125
RM66,3200
RM70,8850
RM77,1500
RM78,1675
RM79,1900
RM81,4000
RM82,2275
RM83,700
RM94,800
RM95,1925
RM96,10325
RM107,1385
RM108,5875
RM109,1200
RM111,2725
RM112,2575
RM113,2500
RM124,6175
RM125,900
RM126,1225
RM137,970
RM138,5675
RM139,5125
RM141,2300
RM142,4125
RM143,3950
RM154,2700
RM155,2250
RM156,1225
RM162,3045
RM163,1050
RM164,1465
RM165,175
RM166,2425
RM175,6150
RM176,4250
RM187,5200
RM188,3050
RM191,2350
RM201,0
RM202,0
RM203,24000
RM204,500
S12,16000
S14,15200
S21,2750
S22,1325
S23,3815
S24,4000
S25,14740
S37,11800
S38,7900
S39,4750
S47,14500
S48,1325
S50,1880
S56,1600
S57,11790
S58,1600
S59,835
S61,5835
S62,5125
S63,2300
S64,1540
S65,470
S66,1175
S71,950
S72,1975
S80,7425
S87,1420
S88,2200
S89,1500
S91,23530
S92,3000
S93,300
S94,6425
S95,8000
S101,1365
S102,15500
S103,3200
S104,1175
S105,1575
S117,4675
S118,5725
S119,3750
S122,1330
S123,1325
S124,1535
S137,1235
S138,1915
S139,4100
S141,565
S173,1875
S174,925
S181,1650
S182,2450
S183,350
S184,225
S187,500
S188,2325
S201,3400
S202,200
S203,4250
S204,300
S205,550
S206,425
S207,1575
S208,650
S211,2090
S212,600
S213,5200
S214,800
S215,0
S251,450
S252,1770
S253,2500
S254,1550
S255,500
S261,350
S262,625
S263,800
S264,700
S265,3000
S266,450
S267,775
S321,1000
S322,0
S323,0
S324,500
S325,0
S330,1750
S336,1000
S337,0
S338,0
S339,0
S350,600
S351,1200
S352,6250
S353,50
S354,750
S357,950
S358,3350
S359,450
S361,430
S362,2535
S363,0
S364,900
S366,1225
S367,500
S368,225
S369,1025
S401,1400
S402,3640
S403,2460
S404,3800
S410,9875
S417,10875
S418,5850
S419,6550
S425,1675
S426,1725
S427,1100
S431,1350
S432,1025
S433,4965
S434,1150
S445,4800
S446,4130
S450,700
S458,1475
S459,4275
S601,6500
S602,2025
S603,5650
S604,1275
S605,3885
S611,1975
S612,2940
S613,645
S614,2475
S625,560
S626,4550
S627,1230
S630,2595
S635,9000
S636,3595
S637,4800
S638,1225
S639,1475
S640,2550
S645,625
S648,2825
S649,1025
S651,14525
S652,1925
S653,2190
S654,865
S661,1050
S662,1820
S663,550
S667,1335
S668,6970
S669,1000
S701,9050
S702,0
S703,3875
S704,925
S705,1500
S706,2900
S711,7125
S712,3200
S713,3410
S714,1225
S715,1250
S720,1900
S727,4300
S728,3100
S729,775
S730,3275
S738,3200
S739,345
S740,3025
S748,400
S749,2250
S751,5350
S752,5200
S753,3150
S754,2000
S755,1275
S756,675
S801,5700
S802,2075
S803,10075
S804,1325
S810,4800
S817,1810
S818,6350
S819,775
SA11,900
SA12,12900
SA13,3100
SA14,6250
SA15,1250
SA16,2375
SA17,7700
SA18,4975
SA20,2260
SA27,2375
SA28,7700
SA29,1500
SA31,1300
SA32,400
SA33,600
SA34,1975
SA35,1200
SA40,400
SA43,2300
SA44,3825
SA46,750
SA48,2435
SA49,1825
SA54,3475
SA55,2525
SA57,2025
SA58,2525
SA59,825
SA65,2000
SA66,12325
SA67,745
SA68,16300
SA70,75
SA79,1050
SA83,375
SA84,2050
SA91,2180
SA92,1275
SA106,6095
SA107,3040
SA108,900
SA109,1000
SA111,3660
SA112,3935
SA113,1980
SA114,800
SA115,750
SA126,4500
SA127,4900
SA128,1700
SA129,345
SA131,8250
SA132,2575
SA133,550
SA146,2825
SA147,825
SA148,6465
SA149,1875
SA151,4350
SA152,1425
SA153,4100
SA154,3450
SA155,1000
SA160,1100
SA174,700
SA175,775
SA181,1125
SA182,1800
SA183,4800
SA196,1700
SA197,1100
SA198,225
SA199,450
SA200,1400
SA311,6400
SA312,4250
SA313,5200
SA327,900
SA328,3600
SA334,1850
SA335,450
SA336,575
SA340,1250
SA350,250
SA360,700
SA370,0
SA389,1800
SA399,600
SA409,300
SA413,300
SA420,800
SA431,1750
SA432,1075
SA433,1250
SA444,650
SA445,1225
SA446,800
SA459,700
SA460,1500
SA470,250
SA487,2500
SA488,625
SA611,3250
SA612,7065
SA623,1800
SA624,1475
SA625,800
SA626,1950
SA634,500
SA640,700
SA659,1350
SA667,525
SA677,1000
SA678,3000
SA680,975
SA699,1050
SA707,2400
SA708,2250
SA714,825
SA715,2900
SA724,0
SA726,4100
SA731,1650
SA732,1600
SA733,2150
SE10,44700
SE11,30000
SE12,50200
SE13,22750
SE14,5675
SE15,2765
SE16,8125
SE17,17000
SE18,28500
SE19,17000
SE20,1650
SE29,5015
SE30,2975
SE37,1700
SE38,1250
SE39,2600
SE41,1850
SE42,2815
SE50,5325
SE57,1510
SE58,9950
SE59,13075
SE61,1455
SE62,3650
SE63,1145
SE64,7250
SE77,5025
SE78,4450
SE83,1160
SE84,1650
SE85,2675
SE91,3475
SE92,2800
SE93,1850
SE94,1495
SE95,2900
SE96,950
SE100,9750
SE108,7250
SE109,3500
SE114,6225
SE115,11500
SE116,3350
SE120,1350
SE128,3500
SE129,1000
SE135,3050
SE136,8025
SE137,4620
SE145,2650
SE146,3950
SE151,3950
SE152,1800
SE153,2325
SE154,3275
SE155,2725
SE156,675
SE162,3975
SE163,2625
SE164,3100
SE165,975
SE166,600
SE167,1375
SE171,2900
SE172,850
SE173,7195
SE181,2145
SE182,850
SE183,2100
SE184,6725
SE185,1455
SE186,10825
SE187,2850
SE191,855
SE192,1475
SE193,2575
SE207,2325
SE208,1625
SE217,1850
SE218,3015
SE220,1450
SE228,3000
SE229,850
SE231,2200
SE232,1795
SE233,2575
SE240,1800
SE249,2150
SE254,1200
SE255,3900
SE256,2325
SE264,1400
SE265,2075
SE266,1410
SE270,2850
SE279,1850
SE280,4000
SE288,3075
SG11,19575
SG12,7300
SG13,4600
SG14,8675
SG15,895
SG16,775
SG20,1225
SG27,925
SG28,1100
SG29,1825
SG36,2050
SG40,5325
SG47,1500
SG48,1650
SG49,1975
SG51,8400
SG52,1200
SG53,1750
SG54,1475
SG61,9200
SG62,1125
SG63,3975
SG64,2250
SG75,1500
SG76,3630
SG80,1200
SG85,5200
SG86,3125
SG87,4950
SG88,450
SG89,2400
SG90,1800
SG99,800
SG106,450
SG111,1700
SG112,1250
SG120,4775
SG127,1250
SG128,1925
SG129,5750
SG137,7450
SG138,5150
SG141,22000
SG142,2625
SG143,3650
SG156,1225
SG166,1150
SG175,3050
SG180,3525
SG188,2900
SG189,2875
SG191,1455
SG192,6825
SG193,2300
SK11,13000
SK12,9000
SK13,1500
SK14,2475
SK25,1965
SK26,1825
SK27,6470
SK30,13600
SK38,4200
SK39,900
SK41,800
SK42,7575
SK43,3075
SK44,2900
SK45,2480
SK56,1585
SK57,3975
SK58,605
SK61,850
SK62,8725
SK63,1125
SK64,1175
SK65,950
SK66,2325
SK67,1575
SK68,800
SK71,6925
SK72,1175
SK73,750
SK74,1750
SK75,5150
SK76,1275
SK81,3025
SK82,8800
SK83,5825
SK84,1625
SK85,3025
SK86,4550
SK87,3125
SK91,9000
SK92,3225
SK93,1600
SK94,2275
SK95,2750
SK96,700
SK97,3750
SK101,900
SK102,7700
SK103,6100
SK104,7050
SK105,4450
SK110,2100
SK116,7150
SK117,1975
SK118,2025
SK119,1100
SK121,3500
SK122,1050
SK130,205
SK131,1975
SK132,850
SK135,0
SK136,1425
SK137,1075
SK138,3620
SK141,1200
SK142,2000
SK143,2200
SK144,3925
SK145,2200
SK146,1600
SK148,75
SK151,2865
SK152,1750
SK153,1775
SK164,5590
SK165,2000
SK170,1200
SK176,6450
SK177,1130
SK178,3050
SK179,2425
SK221,600
SK222,300
SK223,2150
SK224,700
SK230,2250
SK236,400
SK237,2675
SK239,1025
SL00,2400
SL09,3250
SL11,12250
SL12,9500
SL13,7925
SL14,18000
SL15,2625
SL16,1175
SL17,3150
SL18,1025
SL19,225
SL21,1110
SL22,920
SL23,2650
SL24,7900
SL25,4150
SL30,10300
SL36,1400
SL37,3275
SL38,9525
SL39,3400
SL41,6250
SL42,5350
SL43,6000
SL44,2000
SL45,2950
SL46,5875
SL50,1400
SL57,4750
SL58,1825
SL59,2800
SL60,1575
SL61,13150
SL62,2625
SL63,6200
SL64,8225
SL65,500
SL66,6050
SL67,2200
SL68,5300
SL69,1850
SL71,8050
SL72,2100
SL73,4050
SL85,3400
SL90,2150
SL97,2550
SL98,2300
SL99,2300
SM11,9300
SM12,2575
SM13,5175
SM14,2700
SM25,6825
SM26,2375
SM27,1125
SM38,3325
SM39,4500
SM44,1875
SM45,4775
SM46,1950
SM51,1475
SM52,2825
SM53,975
SM54,1800
SM60,3600
SM67,8475
SM68,975
SM69,5150
SM71,1175
SM72,2225
SM73,1325
SN11,4500
SN12,6900
SN13,2450
SN14,1475
SN15,6050
SN17,0
SN21,7930
SN22,9525
SN25,70
SN27,1100
SN28,5900
SN31,4000
SN32,910
SN33,4000
SN34,17525
SN35,2725
SN36,2825
SN40,8250
SN47,3425
SN48,3275
SN49,2475
SN50,450
SN53,650
SN54,900
SN55,5850
SN56,670
SN57,4950
SN58,9075
SN66,2200
SN67,2555
SN68,1375
SN77,3350
SN78,3000
SN81,2400
SN82,2500
SN83,1650
SN84,2575
SN95,800
SN96,1700
SN101,2800
SN102,6000
SN103,1765
SN104,1600
SN105,2000
SN110,2300
SN118,1575
SN119,2875
SN126,5700
SN127,1875
SN128,3300
SN130,1750
SN138,1200
SN139,5950
SN140,5400
SN146,1525
SN147,1100
SN148,1350
SN151,3725
SN152,8800
SN153,1600
SN154,3225
SN155,900
SN160,5950
SN169,4200
SN251,1565
SN252,1200
SN253,1090
SN254,2750
SN255,0
SN256,400
SN267,0
SN268,0
SO140,3050
SO141,5075
SO142,0
SO143,7700
SO145,8250
SO146,2000
SO147,0
SO150,2500
SO151,22800
SO152,8375
SO153,1900
SO154,1250
SO155,2200
SO157,1150
SO158,800
SO160,6000
SO162,45
SO163,965
SO164,2040
SO165,1530
SO166,13150
SO167,3350
SO168,1110
SO169,3240
SO171,8300
SO172,1775
SO173,700
SO181,2925
SO182,1450
SO183,300
SO184,230
SO185,800
SO186,600
SO190,1125
SO191,150
SO192,500
SO194,200
SO195,125
SO196,2250
SO197,2845
SO198,900
SO199,2220
SO206,1825
SO208,2050
SO211,2500
SO212,8200
SO213,3250
SO224,4975
SO225,2225
SO226,4225
SO230,2100
SO237,3175
SO238,6950
SO239,10050
SO240,1500
SO249,2425
SO300,900
SO302,2275
SO303,3675
SO304,6100
SO311,1250
SO314,5000
SO315,2200
SO316,1275
SO317,4300
SO318,600
SO319,1250
SO321,2625
SO322,4950
SO323,1700
SO402,4395
SO403,7425
SO404,3575
SO407,900
SO408,1120
SO409,1075
SO410,2300
SO413,450
SO415,800
SO416,300
SO418,5515
SO419,3625
SO427,3800
SO437,3450
SO451,3350
SO452,650
SO453,1350
SO454,550
SO455,1600
SO456,1450
SO504,3645
SO505,10725
SO506,5700
SO507,5250
SO508,600
SO509,7600
SO510,800
SO515,350
SO516,1400
SO517,1450
SO518,4200
SO519,4000
SO529,1025
SO531,1600
SO532,1750
SO533,5575
SO534,3325
SO535,925
SP11,750
SP12,8150
SP13,6790
SP20,1425
SP27,6575
SP28,875
SP29,670
SP34,750
SP35,1175
SP36,1550
SP40,6750
SP46,1750
SP47,1625
SP48,2100
SP49,900
SP51,1300
SP52,1650
SP53,2625
SP54,7500
SP55,675
SP61,900
SP62,1075
SP63,1750
SP70,1900
SP78,3850
SP79,950
SP84,3425
SP85,925
SP97,2370
SP101,5750
SP102,3225
SP103,7050
SP104,510
SP105,975
SP110,500
SP116,6050
SP117,1375
SP118,3800
SP119,1750
SR11,0
SR12,1850
SR13,11250
SR20,1655
SR27,3000
SR28,1330
SR29,3525
SR31,1445
SR32,1585
SR33,7700
SR34,750
SR40,1440
SR46,3100
SR47,7225
SR48,850
SR49,1365
SR51,2270
SR52,8275
SR53,18975
SR54,425
SR55,775
SR60,3075
SR67,1035
SR68,1110
SR69,1195
SR70,1700
SR77,5060
SR78,730
SR79,1450
SR81,535
SR82,10125
SR83,1525
SR84,900
SR85,2825
SS00,7475
SS07,4525
SS08,2575
SS09,1590
SS11,9500
SS12,2100
SS13,1700
SS24,2855
SS25,6650
SS26,12900
SS30,1200
SS38,350
SS39,4765
SS41,4250
SS42,500
SS43,1000
SS54,2200
SS55,600
SS56,625
SS67,3300
SS68,2675
SS69,1425
SS71,1525
SS72,6225
SS73,3700
SS74,1125
SS75,2185
SS80,2550
SS87,1975
SS88,800
SS89,1535
SS91,3400
SS92,2225
SS93,3400
SS94,1075
SS95,3075
SS117,2450
SS118,6850
SS120,1775
SS129,2325
SS131,6425
SS132,1435
SS133,1980
SS141,7950
SS142,1660
SS143,19025
SS154,775
SS155,3410
SS156,9375
SS164,2475
SS165,8035
SS166,900
SS170,2225
SS177,1360
SS178,1670
SS179,2425
ST11,0
ST12,700
ST13,10700
ST14,300
ST15,12400
ST16,2430
ST20,1085
ST27,1440
ST28,810
ST29,4345
ST31,4255
ST32,1625
ST33,525
ST34,2075
ST35,3240
ST36,845
ST37,2750
ST41,0
ST42,10515
ST43,3525
ST44,6750
ST45,300
ST46,15625
ST47,8050
ST48,9055
ST50,4525
ST51,2750
ST52,6350
ST53,725
ST54,850
ST55,4450
ST56,1970
ST57,5100
ST58,2525
ST59,9750
ST61,1825
ST62,3050
ST63,3800
ST64,5225
ST65,2750
ST66,1890
ST67,1165
ST68,1225
ST71,3260
ST72,2800
ST73,800
ST74,1500
ST78,1100
ST86,1955
ST87,1375
ST90,725
ST99,900
ST101,2925
ST102,2375
ST103,3000
ST104,875
ST119,2175
ST129,700
ST135,3875
ST136,825
ST137,5275
ST138,3100
ST145,7600
ST147,3050
ST148,4550
ST150,5925
ST158,4825
ST161,2405
ST162,10250
ST163,10090
ST170,4100
ST174,3625
ST179,1935
ST180,8950
ST189,4250
ST195,2950
ST199,1250
ST200,1540
ST216,2250
SW21,1050
SW22,1625
SW23,1225
SW24,1660
SW25,5000
SW31,0
SW32,1250
SW33,10100
SW34,5550
SW35,2350
SW36,2400
SW40,3675
SW46,3050
SW47,3750
SW48,550
SW49,5825
SW50,3800
SW59,2600
SW61,8500
SW62,7300
SW63,3775
SW64,4350
SW65,1625
SW66,3900
SW67,2175
SW71,800
SW72,17000
SW73,1750
SW74,4550
SW75,1100
SW81,10000
SW82,3365
SW83,5150
SW84,2200
SW85,4000
SW90,2740
SW96,3345
SW97,4650
SW98,2900
SW99,4650
SW100,3475
SW109,8425
SW111,4500
SW112,4525
SW113,7275
SW114,3675
SW115,3850
SW116,2125
SW120,1500
SW128,3500
SW129,2500
SW130,1625
SW138,100
SW139,2225
SW147,4200
SW148,1750
SW151,6825
SW152,5950
SW153,1225
SW154,2250
SW155,2625
SW156,3150
SW161,3075
SW162,3100
SW163,1275
SW164,1725
SW165,2050
SW166,2400
SW170,20275
SW176,0
SW177,1800
SW178,3740
SW179,4525
SW181,5925
SW182,2525
SW183,2475
SW184,6650
SW185,3800
SW191,4650
SW192,3100
SW193,13425
SW194,9700
SW195,2000
SW196,1395
SW197,5175
SW198,9025
SW1A0,0
SW1A1,54000
SW1A2,21000
SW1E5,0
SW1E6,0
SW1H0,0
SW1H9,0
SW1P1,17000
SW1P2,15000
SW1P3,0
SW1P4,12600
SW1V1,5000
SW1V2,1775
SW1V3,1225
SW1V4,950
SW1W0,4500
SW1W8,1000
SW1W9,21500
SW1X0,4400
SW1X7,0
SW1X8,5000
SW1X9,5000
SW1Y4,0
SW1Y5,62000
SW1Y6,0
SW200,1700
SW208,7925
SW209,2675
SY11,8000
SY12,1100
SY13,6045
SY14,5350
SY25,2000
SY26,7400
SY30,875
SY35,4750
SY36,400
SY37,2925
SY38,4825
SY39,2385
SY41,675
SY42,1000
SY43,1875
SY44,2200
SY45,2125
SY50,1350
SY56,700
SY57,1400
SY58,950
SY59,900
SY66,1400
SY67,450
SY70,1200
SY78,1450
SY79,1500
SY81,3815
SY82,2550
SY83,475
SY84,775
SY95,900
SY100,600
SY107,4050
SY108,1450
SY109,2050
SY111,775
SY112,4850
SY113,775
SY114,2825
SY120,700
SY129,3050
SY131,1250
SY132,1600
SY133,650
SY134,3550
SY147,1950
SY148,900
SY156,1575
SY161,460
SY162,0
SY163,1175
SY164,6300
SY175,800
SY186,1350
SY197,0
SY208,1600
SY209,300
SY210,575
SY217,0
SY218,5550
SY219,1825
SY225,800
SY226,1450
SY231,5475
SY232,0
SY233,4650
SY234,3800
SY235,650
SY245,1050
SY256,875
TA11,4100
TA12,5525
TA13,11100
TA14,1025
TA15,9050
TA26,3500
TA27,2175
TA28,5050
TA35,1850
TA36,1150
TA37,1850
TA41,1725
TA42,1500
TA43,500
TA44,1550
TA51,2300
TA52,2250
TA63,4475
TA64,5525
TA65,3150
TA66,4165
TA67,1400
TA70,1975
TA78,6900
TA79,1275
TA81,2150
TA82,3225
TA93,1900
TA94,3600
TA100,500
TA109,2550
TA116,2100
TA117,700
TA126,1275
TA135,1200
TA146,400
TA156,350
TA165,50
TA178,200
TA187,1150
TA188,2470
TA190,1050
TA199,2650
TA201,3025
TA202,3100
TA203,700
TA204,1400
TA210,1300
TA218,3250
TA219,3775
TA229,600
TA230,525
TA245,2750
TA246,2175
TA247,400
TA248,2000
TD11,3210
TD12,1520
TD13,3595
TD26,625
TD36,150
TD46,700
TD57,2330
TD58,1500
TD60,2110
TD69,1050
TD74,4335
TD75,2425
TD86,2215
TD90,1250
TD97,820
TD98,1570
TD99,1655
TD106,300
TD113,3600
TD124,625
TD135,1500
TD145,1255
TD151,3850
TD152,4750
TF11,4000
TF12,3550
TF13,2250
TF15,1575
TF16,3885
TF17,8000
TF20,1350
TF26,1500
TF27,2850
TF28,3340
TF29,3150
TF31,630
TF32,1890
TF33,11000
TF34,16000
TF35,400
TF42,1400
TF43,1055
TF50,225
TF65,700
TF66,1425
TF74,8735
TF75,2845
TF87,1100
TF91,3025
TF92,2275
TF93,3500
TF94,575
TF107,3075
TF108,1200
TF109,350
TF118,3300
TF119,1850
TF125,925
TF136,1100
TN11,8500
TN12,5950
TN23,6250
TN24,6275
TN25,1925
TN30,1350
TN38,700
TN39,1500
TN40,1750
TN48,2650
TN49,2725
TN56,1650
TN57,1375
TN61,3450
TN62,2975
TN63,1625
TN74,650
TN85,1300
TN86,2150
TN87,1450
TN91,450
TN92,6050
TN103,615
TN104,900
TN110,3450
TN118,775
TN119,6925
TN120,1775
TN125,1200
TN126,4510
TN127,900
TN128,300
TN129,2600
TN131,6650
TN132,2300
TN133,2475
TN145,3350
TN146,2350
TN147,3500
TN150,5125
TN156,2400
TN157,1550
TN158,2650
TN159,500
TN161,2200
TN162,2275
TN163,3250
TN171,0
TN172,1850
TN173,1700
TN174,1650
TN184,1600
TN185,200
TN197,650
TN206,850
TN210,1600
TN218,2400
TN219,725
TN221,1750
TN222,3275
TN223,1000
TN224,1300
TN225,3125
TN231,9500
TN233,2200
TN234,1250
TN235,1610
TN236,3500
TN237,400
TN240,11890
TN248,4000
TN249,4800
TN254,4400
TN255,1200
TN256,1725
TN257,450
TN261,850
TN262,650
TN263,1700
TN270,1700
TN278,1025
TN279,1450
TN288,2150
TN290,1125
TN299,2275
TN306,1550
TN307,2275
TN316,1600
TN317,2640
TN325,2800
TN330,2950
TN339,1150
TN341,3100
TN342,5250
TN343,5575
TN354,1550
TN355,1975
TN364,1400
TN376,3125
TN377,2075
TN380,4600
TN388,900
TN389,5575
TN393,4050
TN394,1800
TN395,770
TN401,4300
TN402,2500
TQ11,500
TQ12,1800
TQ13,3225
TQ14,4250
TQ25,7200
TQ26,2150
TQ27,9525
TQ28,1080
TQ31,1285
TQ32,1850
TQ33,2620
TQ45,1240
TQ46,1975
TQ47,6425
TQ50,840
TQ58,1000
TQ59,2525
TQ60,2650
TQ69,1750
TQ71,350
TQ72,2700
TQ73,2150
TQ74,1200
TQ88,1250
TQ95,4425
TQ96,2250
TQ97,800
TQ109,1125
TQ110,2300
TQ121,1850
TQ122,2850
TQ123,3075
TQ124,8760
TQ125,3500
TQ126,4150
TQ130,1650
TQ137,3150
TQ138,950
TQ139,4725
TQ140,500
TQ148,2025
TQ149,2075
TR11,2050
TR12,11750
TR13,16500
TR24,2150
TR25,1550
TR36,3200
TR37,400
TR48,3800
TR49,2300
TR50,1000
TR60,1150
TR71,3350
TR72,3100
TR73,200
TR84,4400
TR85,2350
TR96,2600
TR108,1325
TR109,3975
TR112,3025
TR113,1500
TR114,4900
TR115,2925
TR126,750
TR127,3000
TR130,2975
TR138,1850
TR139,790
TR140,1700
TR147,750
TR148,2175
TR149,775
TR151,4425
TR152,950
TR153,6570
TR164,1775
TR165,650
TR166,750
TR170,0
TR182,3375
TR183,1360
TR184,1750
TR185,800
TR196,1300
TR197,1250
TR208,2650
TR209,1650
TR210,1250
TR220,0
TR230,0
TR240,0
TR250,0
TR261,3275
TR262,1450
TR263,850
TR274,2500
TR275,2175
TR276,175
TS11,0
TS12,7000
TS13,975
TS14,885
TS15,5000
TS21,26000
TS30,1000
TS36,675
TS37,1040
TS38,1045
TS39,1150
TS42,1625
TS43,9650
TS54,1050
TS55,1525
TS56,1325
TS57,1170
TS58,940
TS60,2300
TS66,5000
TS67,660
TS68,250
TS69,985
TS70,850
TS78,780
TS79,750
TS80,3510
TS89,1050
TS95,1850
TS96,575
TS97,3000
TS101,3725
TS102,735
TS103,1320
TS104,5395
TS105,6000
TS116,250
TS117,575
TS118,650
TS121,2495
TS122,1825
TS123,300
TS134,1750
TS135,350
TS146,3405
TS147,250
TS148,550
TS150,600
TS159,2900
TS160,3200
TS169,520
TS170,1370
TS175,1450
TS176,7100
TS177,3750
TS178,825
TS179,4585
TS181,0
TS182,10500
TS183,14250
TS184,875
TS185,575
TS190,3745
TS197,475
TS198,5800
TS199,1080
TS201,1450
TS202,1275
TS211,1550
TS212,1250
TS213,4500
TS214,275
TS225,1275
TS231,2050
TS232,2025
TS233,2975
TS234,0
TS240,5950
TS247,5500
TS248,875
TS249,2750
TS251,2225
TS252,5090
TS253,450
TS254,625
TS255,1090
TS260,1600
TS268,400
TS269,925
TS273,850
TS274,1175
TS285,600
TS296,1000
TW11,2800
TW12,1350
TW13,4700
TW14,5550
TW25,2625
TW26,1625
TW27,5650
TW31,33850
TW32,1125
TW33,4925
TW34,4525
TW45,2075
TW46,4100
TW47,2500
TW50,2475
TW59,4750
TW61,45000
TW62,3000
TW63,0
TW74,2700
TW75,12425
TW76,6950
TW77,655
TW80,2050
TW88,4700
TW89,7250
TW91,11800
TW92,3100
TW93,2200
TW94,1750
TW105,2875
TW106,2425
TW107,575
TW110,4250
TW118,5500
TW119,2775
TW121,2550
TW122,2750
TW123,1240
TW134,4400
TW135,3550
TW136,2300
TW137,3400
TW140,5450
TW148,7820
TW149,2425
TW151,1775
TW152,2650
TW153,1525
TW165,2450
TW166,1650
TW167,6150
TW170,1925
TW178,2200
TW179,1400
TW181,2450
TW182,1500
TW183,6825
TW184,7600
TW195,850
TW196,2050
TW197,2975
TW200,6995
TW208,8300
TW209,8950
UB11,1850
UB12,1725
UB13,2775
UB24,9730
UB25,6625
UB31,2100
UB32,1650
UB33,4400
UB34,3600
UB35,6950
UB40,5150
UB48,2250
UB49,1575
UB54,1475
UB55,2950
UB56,1895
UB60,6425
UB67,3700
UB68,7650
UB69,4650
UB70,900
UB77,3475
UB78,3820
UB79,2000
UB81,9900
UB82,18900
UB83,12750
UB94,2050
UB95,5000
UB96,4800
UB100,2200
UB108,3100
UB109,5175
UB111,10750
W21,19150
W22,12800
W23,14700
W24,3900
W25,3500
W26,19200
W30,7300
W36,4225
W37,5300
W38,17200
W39,3250
W41,1325
W42,5900
W43,2475
W44,3000
W45,4450
W51,5600
W52,11125
W53,2575
W54,2060
W55,2200
W60,5775
W67,24850
W68,7375
W69,16350
W71,950
W72,1750
W73,2550
W84,5800
W85,19650
W86,4850
W87,4400
W91,2625
W92,2050
W93,3325
W104,2250
W105,6445
W106,8400
W111,3050
W112,2700
W113,2200
W114,5500
W120,12300
W127,4275
W128,13200
W129,2475
W130,2225
W138,3675
W139,7300
W140,5900
W148,7400
W149,6975
W1B1,0
W1B2,0
W1B3,0
W1B4,0
W1B5,0
W1C1,0
W1C2,0
W1D1,0
W1D2,0
W1D3,36000
W1D4,0
W1D5,0
W1D6,0
W1D7,0
W1F0,0
W1F7,0
W1F8,0
W1F9,16000
W1G0,0
W1G6,0
W1G7,4500
W1G8,11000
W1G9,0
W1H1,0
W1H2,0
W1H4,8000
W1H5,2250
W1H6,0
W1H7,2500
W1J0,0
W1J5,39000
W1J6,0
W1J7,0
W1J8,0
W1J9,0
W1K1,0
W1K2,14000
W1K3,0
W1K4,0
W1K5,0
W1K6,0
W1K7,0
W1S1,0
W1S2,78000
W1S3,0
W1S4,0
W1T1,0
W1T2,0
W1T3,0
W1T4,9000
W1T5,0
W1T6,0
W1T7,16000
W1U1,0
W1U2,0
W1U3,39000
W1U4,11000
W1U5,0
W1U6,0
W1U7,0
W1U8,0
W1W5,9000
W1W6,0
W1W7,43000
W1W8,0
WA11,32000
WA12,1750
WA13,2350
WA14,6850
WA20,6530
WA27,725
WA28,5200
WA29,675
WA31,2900
WA32,700
WA33,5100
WA34,700
WA35,1525
WA36,17735
WA37,9800
WA41,1375
WA42,2875
WA43,1600
WA44,21500
WA45,950
WA46,9375
WA50,6000
WA51,4800
WA52,2050
WA53,6600
WA54,1350
WA57,3000
WA58,1925
WA59,3600
WA60,1400
WA66,850
WA67,2125
WA68,500
WA69,600
WA71,9650
WA72,6125
WA73,225
WA74,4125
WA75,1550
WA76,1035
WA80,9250
WA83,2125
WA84,385
WA85,1275
WA86,3250
WA87,3325
WA88,5030
WA89,825
WA91,8000
WA92,560
WA93,3575
WA94,3315
WA95,7980
WA101,250
WA102,3550
WA103,5250
WA104,930
WA105,600
WA106,950
WA110,2020
WA117,1040
WA118,2050
WA119,5440
WA120,8650
WA128,635
WA129,2200
WA130,2950
WA139,500
WA141,2300
WA142,4650
WA143,1150
WA144,21250
WA145,7650
WA150,850
WA156,1625
WA157,1875
WA158,4775
WA159,1250
WA160,3750
WA166,3150
WA167,500
WA168,5700
WA169,4900
WC1A1,0
WC1A2,0
WC1B3,0
WC1B4,0
WC1B5,17000
WC1E6,0
WC1E7,20000
WC1H0,0
WC1H8,2800
WC1H9,17000
WC1N1,3500
WC1N2,12000
WC1N3,10000
WC1R4,45000
WC1R5,0
WC1V6,0
WC1V7,23000
WC1X0,2250
WC1X8,350
WC1X9,10000
WC2A1,0
WC2A2,0
WC2A3,0
WC2B4,0
WC2B5,0
WC2B6,0
WC2E7,0
WC2E8,0
WC2E9,0
WC2H0,0
WC2H7,0
WC2H8,15000
WC2H9,0
WC2N4,35000
WC2N5,0
WC2N6,0
WC2R0,0
WC2R1,52000
WC2R2,0
WC2R3,0
WD31,3150
WD33,2400
WD34,4100
WD35,2125
WD36,1500
WD37,750
WD38,600
WD39,5075
WD48,4300
WD49,3000
WD50,1575
WD61,9000
WD62,3700
WD63,3750
WD64,750
WD65,3800
WD77,1800
WD78,925
WD79,1975
WD171,8000
WD172,53000
WD173,625
WD174,1600
WD180,8925
WD186,7475
WD187,3825
WD188,4000
WD189,400
WD194,1300
WD195,975
WD196,850
WD197,600
WD231,3500
WD232,2475
WD233,700
WD234,625
WD244,7000
WD245,1050
WD246,1375
WD247,5350
WD250,1475
WD257,5045
WD258,5950
WD259,3600
WF11,9000
WF12,11625
WF13,9050
WF14,700
WF15,4525
WF20,13075
WF26,1500
WF27,3705
WF28,3995
WF29,2100
WF31,1425
WF32,775
WF33,1925
WF34,1700
WF41,1775
WF42,1400
WF43,4975
WF44,1875
WF45,1950
WF46,875
WF50,1300
WF58,2050
WF59,3875
WF61,17600
WF62,5275
WF75,3325
WF76,1500
WF77,1025
WF81,1625
WF82,5150
WF83,1375
WF84,2485
WF91,770
WF92,7595
WF93,2600
WF94,1200
WF95,1900
WF101,3950
WF102,2540
WF103,1275
WF104,8795
WF105,1250
WF110,1700
WF118,4500
WF119,475
WF120,1950
WF127,3600
WF128,845
WF129,7975
WF131,0
WF132,4575
WF133,3115
WF134,3575
WF140,775
WF148,1750
WF149,2575
WF156,925
WF157,4550
WF158,1295
WF160,750
WF169,1525
WF170,1950
WF175,1750
WF176,5625
WF177,1350
WF178,2510
WF179,7950
WN11,10000
WN12,7250
WN13,1505
WN21,1525
WN22,5050
WN23,1950
WN24,2525
WN25,1450
WN34,7475
WN35,1525
WN36,4650
WN40,2075
WN48,4250
WN49,1115
WN50,7395
WN57,1175
WN58,3525
WN59,1435
WN60,3300
WN67,1300
WN68,1615
WN69,2875
WN71,5640
WN72,3500
WN73,4025
WN74,2175
WN75,2440
WN80,875
WN86,3950
WN87,1200
WN88,3900
WN89,13180
WR11,2540
WR12,4000
WR13,7300
WR24,2675
WR25,1710
WR26,4745
WR37,3275
WR38,3750
WR40,2475
WR49,10560
WR51,11700
WR52,6325
WR53,2950
WR65,1750
WR66,2250
WR74,1800
WR80,2500
WR89,500
WR90,7200
WR97,1550
WR98,3900
WR99,3425
WR101,1035
WR102,3325
WR103,1675
WR111,4050
WR112,1400
WR113,1450
WR114,4050
WR117,1125
WR118,4650
WR127,1600
WR135,2225
WR136,900
WR141,6150
WR142,2905
WR143,4250
WR144,1575
WR158,2600
WS11,0
WS12,6050
WS13,5450
WS14,5900
WS20,2700
WS27,7975
WS28,14075
WS29,8075
WS31,1550
WS32,2400
WS33,2795
WS34,2450
WS35,100
WS41,2550
WS42,2050
WS53,1000
WS54,1495
WS66,1550
WS67,1300
WS70,1225
WS71,1300
WS72,850
WS73,3000
WS74,620
WS79,875
WS86,1900
WS87,1475
WS90,11075
WS98,2100
WS99,2825
WS100,5120
WS107,4250
WS108,4540
WS109,3650
WS110,7000
WS111,4350
WS114,185
WS115,3480
WS116,1900
WS117,2000
WS118,1500
WS119,6850
WS120,1550
WS121,2150
WS122,1300
WS123,1125
WS124,890
WS136,10100
WS137,875
WS138,8150
WS140,5000
WS149,4600
WS151,5475
WS152,4865
WS153,1550
WS154,675
WV11,19000
WV12,2350
WV13,1250
WV14,3600
WV21,600
WV22,3550
WV23,1800
WV24,0
WV30,4050
WV37,1295
WV38,775
WV39,2600
WV44,1600
WV45,2100
WV46,2575
WV50,2200
WV57,600
WV58,450
WV59,350
WV60,5150
WV67,1785
WV68,2625
WV69,875
WV73,1235
WV81,2375
WV82,575
WV95,4390
WV100,13225
WV106,5370
WV107,6550
WV108,1135
WV109,4035
WV111,1700
WV112,2615
WV113,7225
WV124,3450
WV125,1510
WV131,1325
WV132,6675
WV133,3275
WV140,4750
WV146,2545
WV147,3975
WV148,2125
WV149,1650
WV155,1300
WV156,2700
WV164,2100
WV165,1200
WV166,1475
YO16,10800
YO17,9000
YO18,0
YO19,6000
YO71,1700
YO72,575
YO73,3800
YO74,1900
YO83,985
YO84,6200
YO85,3150
YO86,1600
YO88,4200
YO89,1420
YO103,4735
YO104,2400
YO105,8900
YO111,3700
YO112,5550
YO113,4495
YO124,6575
YO125,5800
YO126,1400
YO127,2950
YO130,1575
YO139,1050
YO140,550
YO149,2575
YO151,1100
YO152,3500
YO153,1600
YO164,2625
YO166,600
YO167,700
YO176,2950
YO177,2250
YO178,2325
YO179,2700
YO187,2000
YO188,2500
YO194,2250
YO195,2100
YO196,2925
YO211,2100
YO212,1000
YO213,2150
YO224,3000
YO225,1175
YO231,2275
YO232,850
YO233,2000
YO237,0
YO241,3550
YO242,265
YO243,1315
YO244,775
YO253,650
YO254,3400
YO255,1325
YO256,2350
YO258,2150
YO259,3125
YO264,2925
YO265,1325
YO266,5550
YO267,1850
YO268,1600
YO269,1000
YO301,1000
YO302,0
YO304,6400
YO305,1670
YO306,2450
YO307,0
YO310,1970
YO311,325
YO317,2000
YO318,7325
YO319,1825
YO322,1300
YO323,875
YO324,1650
YO325,650
YO329,7500
YO411,4650
YO414,1600
YO415,0
YO421,1025
YO422,1800
YO424,3100
YO433,2000
YO434,1575
YO519,1800
YO606,600
YO607,3500
YO611,1400
YO612,0
YO613,2100
YO614,1950
YO624,1450
YO625,2000
YO626,1350
YO627,600
ZE10,6870
ZE29,5300
ZE39,0
